reservation_no,facility_id,user_id,child_id,usage_date,use_from_datetime,use_to_datetime,way_to_reserve,accept_date,status,achieve_flag,amount,citizen_note,facility_note,cancel_reason_category,cancel_note,use_reason_category,create_user,create_datetime,update_user,update_datetime
6,a10035,cbf1f43b-1f42-40c6-b749-abb852553189,02,2022-02-01,2022-02-01 09:00:00,2022-02-01 18:00:00,1,2022-01-20,2,1,NULL,NULL,NULL,1,NULL,1,afb530ae-a1e7-477c-aab5-9a779603e2d6,2022-02-26 02:12:42.646,afb530ae-a1e7-477c-aab5-9a779603e2d6,2022-02-26 02:13:27.249
7,a10035,dc7407a0-a2f4-442b-9b6e-6e9b5167b923,03,2022-02-01,2022-02-01 09:00:00,2022-02-01 18:00:00,1,2022-01-25,2,1,NULL,NULL,NULL,1,NULL,1,afb530ae-a1e7-477c-aab5-9a779603e2d6,2022-02-26 02:12:42.646,afb530ae-a1e7-477c-aab5-9a779603e2d6,2022-02-26 02:13:27.249
8,a10035,401a2b27-c189-40f1-b34a-ac0b6cb7a55a,01,2022-02-01,2022-02-01 09:00:00,2022-02-01 18:00:00,1,2022-01-21,2,1,NULL,NULL,NULL,1,NULL,1,afb530ae-a1e7-477c-aab5-9a779603e2d6,2022-02-26 02:12:42.646,afb530ae-a1e7-477c-aab5-9a779603e2d6,2022-02-26 02:13:27.249
9,a10035,096129b3-71e4-498d-b1fe-7b11835a3bc7,01,2022-02-01,2022-02-01 09:00:00,2022-02-01 18:00:00,1,2022-01-24,2,1,NULL,NULL,NULL,1,NULL,1,afb530ae-a1e7-477c-aab5-9a779603e2d6,2022-02-26 02:12:42.646,afb530ae-a1e7-477c-aab5-9a779603e2d6,2022-02-26 02:13:27.249
10,a10035,21bfff81-2839-4319-865f-ad4e5712acf6,02,2022-02-01,2022-02-01 09:00:00,2022-02-01 18:00:00,1,2022-01-26,2,1,NULL,NULL,NULL,1,NULL,1,afb530ae-a1e7-477c-aab5-9a779603e2d6,2022-02-26 02:12:42.646,afb530ae-a1e7-477c-aab5-9a779603e2d6,2022-02-26 02:13:27.249
11,a10035,4b7486f8-3244-4a4c-832b-8b8b0c78608a,02,2022-02-01,2022-02-01 09:00:00,2022-02-01 18:00:00,1,2022-01-27,2,1,NULL,NULL,NULL,1,NULL,1,afb530ae-a1e7-477c-aab5-9a779603e2d6,2022-02-26 02:12:42.646,afb530ae-a1e7-477c-aab5-9a779603e2d6,2022-02-26 02:13:27.249
12,a10035,ef9722c3-6315-40d6-a41b-8a8c783ada6d,01,2022-02-01,2022-02-01 09:00:00,2022-02-01 18:00:00,1,2022-01-26,2,1,NULL,NULL,NULL,1,NULL,1,afb530ae-a1e7-477c-aab5-9a779603e2d6,2022-02-26 02:12:42.646,afb530ae-a1e7-477c-aab5-9a779603e2d6,2022-02-26 02:13:27.249
13,a10035,21bfff81-2839-4319-865f-ad4e5712acf6,03,2022-02-01,2022-02-01 09:00:00,2022-02-01 12:00:00,1,2022-01-24,2,1,NULL,NULL,NULL,1,NULL,1,afb530ae-a1e7-477c-aab5-9a779603e2d6,2022-02-26 02:12:42.646,afb530ae-a1e7-477c-aab5-9a779603e2d6,2022-02-26 02:13:27.249
14,a10035,4b7486f8-3244-4a4c-832b-8b8b0c78608a,03,2022-02-01,2022-02-01 13:00:00,2022-02-01 18:00:00,1,2022-01-21,2,1,NULL,NULL,NULL,1,NULL,1,afb530ae-a1e7-477c-aab5-9a779603e2d6,2022-02-26 02:12:42.646,afb530ae-a1e7-477c-aab5-9a779603e2d6,2022-02-26 02:13:27.249
15,a10035,126c81ab-067f-4c93-804d-377134cc465f,01,2022-02-01,2022-02-01 09:00:00,2022-02-01 18:00:00,1,2022-01-21,2,1,NULL,NULL,NULL,1,NULL,1,afb530ae-a1e7-477c-aab5-9a779603e2d6,2022-02-26 02:12:42.646,afb530ae-a1e7-477c-aab5-9a779603e2d6,2022-02-26 02:13:27.249
16,a10035,ba86d707-a4f3-4f4a-9b93-a9d1be3c6b99,01,2022-02-01,2022-02-01 09:00:00,2022-02-01 18:00:00,1,2022-01-21,2,1,NULL,NULL,NULL,1,NULL,1,afb530ae-a1e7-477c-aab5-9a779603e2d6,2022-02-26 02:12:42.646,afb530ae-a1e7-477c-aab5-9a779603e2d6,2022-02-26 02:13:27.249
17,a10035,ac8e28a2-0bcc-4d37-a620-7defb7d4c693,01,2022-02-02,2022-02-02 09:00:00,2022-02-02 18:00:00,1,2022-01-22,2,1,NULL,NULL,NULL,1,NULL,1,afb530ae-a1e7-477c-aab5-9a779603e2d6,2022-02-26 02:12:42.646,afb530ae-a1e7-477c-aab5-9a779603e2d6,2022-02-26 02:13:27.249
18,a10035,21bfff81-2839-4319-865f-ad4e5712acf6,02,2022-02-02,2022-02-02 10:00:00,2022-02-02 13:00:00,1,2022-01-21,2,1,NULL,NULL,NULL,1,NULL,1,afb530ae-a1e7-477c-aab5-9a779603e2d6,2022-02-26 02:12:42.646,afb530ae-a1e7-477c-aab5-9a779603e2d6,2022-02-26 02:13:27.249
19,a10035,7c975522-79d5-4f99-910e-9d91c6062406,01,2022-02-02,2022-02-02 14:00:00,2022-02-02 17:00:00,1,2022-01-28,2,1,NULL,NULL,NULL,1,NULL,1,afb530ae-a1e7-477c-aab5-9a779603e2d6,2022-02-26 02:12:42.646,afb530ae-a1e7-477c-aab5-9a779603e2d6,2022-02-26 02:13:27.249
20,a10035,ba86d707-a4f3-4f4a-9b93-a9d1be3c6b99,01,2022-02-02,2022-02-02 09:00:00,2022-02-02 18:00:00,1,2022-01-27,2,1,NULL,NULL,NULL,1,NULL,1,afb530ae-a1e7-477c-aab5-9a779603e2d6,2022-02-26 02:12:42.646,afb530ae-a1e7-477c-aab5-9a779603e2d6,2022-02-26 02:13:27.249
21,a10035,aafa97d0-4e61-414b-8ce8-4a79bc7cf0c3,02,2022-02-02,2022-02-02 10:00:00,2022-02-02 13:00:00,1,2022-01-24,2,1,NULL,NULL,NULL,1,NULL,1,afb530ae-a1e7-477c-aab5-9a779603e2d6,2022-02-26 02:12:42.646,afb530ae-a1e7-477c-aab5-9a779603e2d6,2022-02-26 02:13:27.249
22,a10035,5eccf342-10cf-4957-89ee-47901e711f46,01,2022-02-02,2022-02-02 14:00:00,2022-02-02 17:00:00,1,2022-01-24,2,1,NULL,NULL,NULL,1,NULL,1,afb530ae-a1e7-477c-aab5-9a779603e2d6,2022-02-26 02:12:42.646,afb530ae-a1e7-477c-aab5-9a779603e2d6,2022-02-26 02:13:27.249
23,a10035,cbf1f43b-1f42-40c6-b749-abb852553189,02,2022-02-02,2022-02-02 09:00:00,2022-02-02 18:00:00,1,2022-01-27,2,1,NULL,NULL,NULL,1,NULL,1,afb530ae-a1e7-477c-aab5-9a779603e2d6,2022-02-26 02:12:42.646,afb530ae-a1e7-477c-aab5-9a779603e2d6,2022-02-26 02:13:27.249
24,a10035,4b7486f8-3244-4a4c-832b-8b8b0c78608a,01,2022-02-02,2022-02-02 09:00:00,2022-02-02 18:00:00,1,2022-01-28,2,1,NULL,NULL,NULL,1,NULL,1,afb530ae-a1e7-477c-aab5-9a779603e2d6,2022-02-26 02:12:42.646,afb530ae-a1e7-477c-aab5-9a779603e2d6,2022-02-26 02:13:27.249
25,a10035,096129b3-71e4-498d-b1fe-7b11835a3bc7,01,2022-02-02,2022-02-02 09:00:00,2022-02-02 18:00:00,1,2022-01-24,2,1,NULL,NULL,NULL,1,NULL,1,afb530ae-a1e7-477c-aab5-9a779603e2d6,2022-02-26 02:12:42.646,afb530ae-a1e7-477c-aab5-9a779603e2d6,2022-02-26 02:13:27.249
26,a10035,dc7407a0-a2f4-442b-9b6e-6e9b5167b923,03,2022-02-02,2022-02-02 09:00:00,2022-02-02 18:00:00,1,2022-01-28,2,1,NULL,NULL,NULL,1,NULL,1,afb530ae-a1e7-477c-aab5-9a779603e2d6,2022-02-26 02:12:42.646,afb530ae-a1e7-477c-aab5-9a779603e2d6,2022-02-26 02:13:27.249
27,a10035,e012c687-a79d-4633-a49c-096ee34d6cb2,02,2022-02-02,2022-02-02 09:00:00,2022-02-02 18:00:00,1,2022-01-22,2,1,NULL,NULL,NULL,1,NULL,1,afb530ae-a1e7-477c-aab5-9a779603e2d6,2022-02-26 02:12:42.646,afb530ae-a1e7-477c-aab5-9a779603e2d6,2022-02-26 02:13:27.249
28,a10035,e012c687-a79d-4633-a49c-096ee34d6cb2,01,2022-02-03,2022-02-03 09:00:00,2022-02-03 18:00:00,1,2022-01-29,2,1,NULL,NULL,NULL,1,NULL,1,afb530ae-a1e7-477c-aab5-9a779603e2d6,2022-02-26 02:12:42.646,afb530ae-a1e7-477c-aab5-9a779603e2d6,2022-02-26 02:13:27.249
29,a10035,e14243c0-7c9a-4019-8ae9-13ceee6ceb2c,01,2022-02-03,2022-02-03 09:00:00,2022-02-03 18:00:00,1,2022-01-28,2,1,NULL,NULL,NULL,1,NULL,1,afb530ae-a1e7-477c-aab5-9a779603e2d6,2022-02-26 02:12:42.646,afb530ae-a1e7-477c-aab5-9a779603e2d6,2022-02-26 02:13:27.249
30,a10035,ef9722c3-6315-40d6-a41b-8a8c783ada6d,01,2022-02-03,2022-02-03 09:00:00,2022-02-03 18:00:00,1,2022-01-24,2,1,NULL,NULL,NULL,1,NULL,1,afb530ae-a1e7-477c-aab5-9a779603e2d6,2022-02-26 02:12:42.646,afb530ae-a1e7-477c-aab5-9a779603e2d6,2022-02-26 02:13:27.249
31,a10035,4b7486f8-3244-4a4c-832b-8b8b0c78608a,01,2022-02-03,2022-02-03 09:00:00,2022-02-03 12:00:00,1,2022-01-24,2,1,NULL,NULL,NULL,1,NULL,1,afb530ae-a1e7-477c-aab5-9a779603e2d6,2022-02-26 02:12:42.646,afb530ae-a1e7-477c-aab5-9a779603e2d6,2022-02-26 02:13:27.249
32,a10035,126c81ab-067f-4c93-804d-377134cc465f,01,2022-02-03,2022-02-03 13:00:00,2022-02-03 18:00:00,1,2022-01-30,2,1,NULL,NULL,NULL,1,NULL,1,afb530ae-a1e7-477c-aab5-9a779603e2d6,2022-02-26 02:12:42.646,afb530ae-a1e7-477c-aab5-9a779603e2d6,2022-02-26 02:13:27.249
33,a10035,cdc80ca0-97ee-470f-bb57-3e2928e3c4de,02,2022-02-03,2022-02-03 10:00:00,2022-02-03 13:00:00,1,2022-01-29,2,1,NULL,NULL,NULL,1,NULL,1,afb530ae-a1e7-477c-aab5-9a779603e2d6,2022-02-26 02:12:42.646,afb530ae-a1e7-477c-aab5-9a779603e2d6,2022-02-26 02:13:27.249
34,a10035,1b319c86-da22-4d47-9e7c-de2eef7a8b8d,01,2022-02-03,2022-02-03 14:00:00,2022-02-03 17:00:00,1,2022-01-30,2,1,NULL,NULL,NULL,1,NULL,1,afb530ae-a1e7-477c-aab5-9a779603e2d6,2022-02-26 02:12:42.646,afb530ae-a1e7-477c-aab5-9a779603e2d6,2022-02-26 02:13:27.249
35,a10035,096129b3-71e4-498d-b1fe-7b11835a3bc7,01,2022-02-03,2022-02-03 09:00:00,2022-02-03 12:00:00,1,2022-01-30,2,1,NULL,NULL,NULL,1,NULL,1,afb530ae-a1e7-477c-aab5-9a779603e2d6,2022-02-26 02:12:42.646,afb530ae-a1e7-477c-aab5-9a779603e2d6,2022-02-26 02:13:27.249
36,a10035,7c975522-79d5-4f99-910e-9d91c6062406,01,2022-02-03,2022-02-03 13:00:00,2022-02-03 18:00:00,1,2022-01-29,2,1,NULL,NULL,NULL,1,NULL,1,afb530ae-a1e7-477c-aab5-9a779603e2d6,2022-02-26 02:12:42.646,afb530ae-a1e7-477c-aab5-9a779603e2d6,2022-02-26 02:13:27.249
37,a10035,ac8e28a2-0bcc-4d37-a620-7defb7d4c693,01,2022-02-03,2022-02-03 09:00:00,2022-02-03 12:00:00,1,2022-01-29,2,1,NULL,NULL,NULL,1,NULL,1,afb530ae-a1e7-477c-aab5-9a779603e2d6,2022-02-26 02:12:42.646,afb530ae-a1e7-477c-aab5-9a779603e2d6,2022-02-26 02:13:27.249
38,a10035,ba86d707-a4f3-4f4a-9b93-a9d1be3c6b99,01,2022-02-03,2022-02-03 13:00:00,2022-02-03 18:00:00,1,2022-01-25,2,1,NULL,NULL,NULL,1,NULL,1,afb530ae-a1e7-477c-aab5-9a779603e2d6,2022-02-26 02:12:42.646,afb530ae-a1e7-477c-aab5-9a779603e2d6,2022-02-26 02:13:27.249
39,a10035,aafa97d0-4e61-414b-8ce8-4a79bc7cf0c3,01,2022-02-03,2022-02-03 09:00:00,2022-02-03 18:00:00,1,2022-01-28,2,1,NULL,NULL,NULL,1,NULL,1,afb530ae-a1e7-477c-aab5-9a779603e2d6,2022-02-26 02:12:42.646,afb530ae-a1e7-477c-aab5-9a779603e2d6,2022-02-26 02:13:27.249
40,a10035,dc7407a0-a2f4-442b-9b6e-6e9b5167b923,03,2022-02-03,2022-02-03 09:00:00,2022-02-03 12:00:00,1,2022-01-22,2,1,NULL,NULL,NULL,1,NULL,1,afb530ae-a1e7-477c-aab5-9a779603e2d6,2022-02-26 02:12:42.646,afb530ae-a1e7-477c-aab5-9a779603e2d6,2022-02-26 02:13:27.249
41,a10035,5eccf342-10cf-4957-89ee-47901e711f46,01,2022-02-03,2022-02-03 13:00:00,2022-02-03 18:00:00,1,2022-01-29,2,1,NULL,NULL,NULL,1,NULL,1,afb530ae-a1e7-477c-aab5-9a779603e2d6,2022-02-26 02:12:42.646,afb530ae-a1e7-477c-aab5-9a779603e2d6,2022-02-26 02:13:27.249
42,a10035,5b458671-c0c8-4216-b148-073944411617,02,2022-02-04,2022-02-04 09:00:00,2022-02-04 18:00:00,1,2022-01-29,2,1,NULL,NULL,NULL,1,NULL,1,afb530ae-a1e7-477c-aab5-9a779603e2d6,2022-02-26 02:12:42.646,afb530ae-a1e7-477c-aab5-9a779603e2d6,2022-02-26 02:13:27.249
43,a10035,e14243c0-7c9a-4019-8ae9-13ceee6ceb2c,01,2022-02-04,2022-02-04 09:00:00,2022-02-04 18:00:00,1,2022-01-23,2,1,NULL,NULL,NULL,1,NULL,1,afb530ae-a1e7-477c-aab5-9a779603e2d6,2022-02-26 02:12:42.646,afb530ae-a1e7-477c-aab5-9a779603e2d6,2022-02-26 02:13:27.249
44,a10035,ef9722c3-6315-40d6-a41b-8a8c783ada6d,01,2022-02-04,2022-02-04 09:00:00,2022-02-04 18:00:00,1,2022-01-23,2,1,NULL,NULL,NULL,1,NULL,1,afb530ae-a1e7-477c-aab5-9a779603e2d6,2022-02-26 02:12:42.646,afb530ae-a1e7-477c-aab5-9a779603e2d6,2022-02-26 02:13:27.249
45,a10035,e012c687-a79d-4633-a49c-096ee34d6cb2,02,2022-02-04,2022-02-04 09:00:00,2022-02-04 18:00:00,1,2022-01-25,2,1,NULL,NULL,NULL,1,NULL,1,afb530ae-a1e7-477c-aab5-9a779603e2d6,2022-02-26 02:12:42.646,afb530ae-a1e7-477c-aab5-9a779603e2d6,2022-02-26 02:13:27.249
46,a10035,cdc80ca0-97ee-470f-bb57-3e2928e3c4de,02,2022-02-04,2022-02-04 09:00:00,2022-02-04 18:00:00,1,2022-01-24,2,1,NULL,NULL,NULL,1,NULL,1,afb530ae-a1e7-477c-aab5-9a779603e2d6,2022-02-26 02:12:42.646,afb530ae-a1e7-477c-aab5-9a779603e2d6,2022-02-26 02:13:27.249
47,a10035,5c9e01e5-1461-42b2-8cc4-54ed8b2c78ef,01,2022-02-04,2022-02-04 09:00:00,2022-02-04 18:00:00,1,2022-01-30,2,1,NULL,NULL,NULL,1,NULL,1,afb530ae-a1e7-477c-aab5-9a779603e2d6,2022-02-26 02:12:42.646,afb530ae-a1e7-477c-aab5-9a779603e2d6,2022-02-26 02:13:27.249
48,a10035,21bfff81-2839-4319-865f-ad4e5712acf6,02,2022-02-04,2022-02-04 09:00:00,2022-02-04 18:00:00,1,2022-01-27,2,1,NULL,NULL,NULL,1,NULL,1,afb530ae-a1e7-477c-aab5-9a779603e2d6,2022-02-26 02:12:42.646,afb530ae-a1e7-477c-aab5-9a779603e2d6,2022-02-26 02:13:27.249
49,a10035,5eccf342-10cf-4957-89ee-47901e711f46,02,2022-02-04,2022-02-04 09:00:00,2022-02-04 18:00:00,1,2022-01-26,2,1,NULL,NULL,NULL,1,NULL,1,afb530ae-a1e7-477c-aab5-9a779603e2d6,2022-02-26 02:12:42.646,afb530ae-a1e7-477c-aab5-9a779603e2d6,2022-02-26 02:13:27.249
50,a10035,aafa97d0-4e61-414b-8ce8-4a79bc7cf0c3,02,2022-02-04,2022-02-04 09:00:00,2022-02-04 12:00:00,1,2022-01-24,2,1,NULL,NULL,NULL,1,NULL,1,afb530ae-a1e7-477c-aab5-9a779603e2d6,2022-02-26 02:12:42.646,afb530ae-a1e7-477c-aab5-9a779603e2d6,2022-02-26 02:13:27.249
51,a10035,ac8e28a2-0bcc-4d37-a620-7defb7d4c693,01,2022-02-04,2022-02-04 13:00:00,2022-02-04 18:00:00,1,2022-01-23,2,1,NULL,NULL,NULL,1,NULL,1,afb530ae-a1e7-477c-aab5-9a779603e2d6,2022-02-26 02:12:42.646,afb530ae-a1e7-477c-aab5-9a779603e2d6,2022-02-26 02:13:27.249
52,a10035,5b458671-c0c8-4216-b148-073944411617,01,2022-02-04,2022-02-04 09:00:00,2022-02-04 18:00:00,1,2022-01-30,2,1,NULL,NULL,NULL,1,NULL,1,afb530ae-a1e7-477c-aab5-9a779603e2d6,2022-02-26 02:12:42.646,afb530ae-a1e7-477c-aab5-9a779603e2d6,2022-02-26 02:13:27.249
53,a10035,1b319c86-da22-4d47-9e7c-de2eef7a8b8d,01,2022-02-07,2022-02-07 09:00:00,2022-02-07 18:00:00,1,2022-02-01,2,1,NULL,NULL,NULL,1,NULL,1,afb530ae-a1e7-477c-aab5-9a779603e2d6,2022-02-26 02:12:42.646,afb530ae-a1e7-477c-aab5-9a779603e2d6,2022-02-26 02:13:27.249
54,a10035,cbf1f43b-1f42-40c6-b749-abb852553189,03,2022-02-07,2022-02-07 09:00:00,2022-02-07 18:00:00,1,2022-01-29,2,1,NULL,NULL,NULL,1,NULL,1,afb530ae-a1e7-477c-aab5-9a779603e2d6,2022-02-26 02:12:42.646,afb530ae-a1e7-477c-aab5-9a779603e2d6,2022-02-26 02:13:27.249
55,a10035,1a7a20c6-541e-4e4a-88f8-75b8c22aa156,02,2022-02-07,2022-02-07 09:00:00,2022-02-07 18:00:00,1,2022-01-28,2,1,NULL,NULL,NULL,1,NULL,1,afb530ae-a1e7-477c-aab5-9a779603e2d6,2022-02-26 02:12:42.646,afb530ae-a1e7-477c-aab5-9a779603e2d6,2022-02-26 02:13:27.249
56,a10035,e012c687-a79d-4633-a49c-096ee34d6cb2,02,2022-02-07,2022-02-07 09:00:00,2022-02-07 18:00:00,1,2022-01-31,2,1,NULL,NULL,NULL,1,NULL,1,afb530ae-a1e7-477c-aab5-9a779603e2d6,2022-02-26 02:12:42.646,afb530ae-a1e7-477c-aab5-9a779603e2d6,2022-02-26 02:13:27.249
57,a10035,4b7486f8-3244-4a4c-832b-8b8b0c78608a,01,2022-02-07,2022-02-07 09:00:00,2022-02-07 18:00:00,1,2022-02-02,2,1,NULL,NULL,NULL,1,NULL,1,afb530ae-a1e7-477c-aab5-9a779603e2d6,2022-02-26 02:12:42.646,afb530ae-a1e7-477c-aab5-9a779603e2d6,2022-02-26 02:13:27.249
58,a10035,ba86d707-a4f3-4f4a-9b93-a9d1be3c6b99,01,2022-02-07,2022-02-07 09:00:00,2022-02-07 18:00:00,1,2022-01-26,2,1,NULL,NULL,NULL,1,NULL,1,afb530ae-a1e7-477c-aab5-9a779603e2d6,2022-02-26 02:12:42.646,afb530ae-a1e7-477c-aab5-9a779603e2d6,2022-02-26 02:13:27.249
59,a10035,aafa97d0-4e61-414b-8ce8-4a79bc7cf0c3,02,2022-02-07,2022-02-07 10:00:00,2022-02-07 13:00:00,1,2022-01-26,2,1,NULL,NULL,NULL,1,NULL,1,afb530ae-a1e7-477c-aab5-9a779603e2d6,2022-02-26 02:12:42.646,afb530ae-a1e7-477c-aab5-9a779603e2d6,2022-02-26 02:13:27.249
60,a10035,ac8e28a2-0bcc-4d37-a620-7defb7d4c693,01,2022-02-07,2022-02-07 14:00:00,2022-02-07 17:00:00,1,2022-02-02,2,1,NULL,NULL,NULL,1,NULL,1,afb530ae-a1e7-477c-aab5-9a779603e2d6,2022-02-26 02:12:42.646,afb530ae-a1e7-477c-aab5-9a779603e2d6,2022-02-26 02:13:27.249
61,a10035,e012c687-a79d-4633-a49c-096ee34d6cb2,03,2022-02-07,2022-02-07 09:00:00,2022-02-07 12:00:00,1,2022-01-30,2,1,NULL,NULL,NULL,1,NULL,1,afb530ae-a1e7-477c-aab5-9a779603e2d6,2022-02-26 02:12:42.646,afb530ae-a1e7-477c-aab5-9a779603e2d6,2022-02-26 02:13:27.249
62,a10035,cdc80ca0-97ee-470f-bb57-3e2928e3c4de,02,2022-02-07,2022-02-07 13:00:00,2022-02-07 18:00:00,1,2022-02-02,2,1,NULL,NULL,NULL,1,NULL,1,afb530ae-a1e7-477c-aab5-9a779603e2d6,2022-02-26 02:12:42.646,afb530ae-a1e7-477c-aab5-9a779603e2d6,2022-02-26 02:13:27.249
63,a10035,ea181871-eb1e-4737-873d-0de28a39469b,01,2022-02-07,2022-02-07 09:00:00,2022-02-07 18:00:00,1,2022-01-30,2,1,NULL,NULL,NULL,1,NULL,1,afb530ae-a1e7-477c-aab5-9a779603e2d6,2022-02-26 02:12:42.646,afb530ae-a1e7-477c-aab5-9a779603e2d6,2022-02-26 02:13:27.249
64,a10035,7c975522-79d5-4f99-910e-9d91c6062406,01,2022-02-08,2022-02-08 09:00:00,2022-02-08 18:00:00,1,2022-01-28,2,1,NULL,NULL,NULL,1,NULL,1,afb530ae-a1e7-477c-aab5-9a779603e2d6,2022-02-26 02:12:42.646,afb530ae-a1e7-477c-aab5-9a779603e2d6,2022-02-26 02:13:27.249
65,a10035,f2b87768-5b03-4cf5-81f4-14358ab0033a,02,2022-02-08,2022-02-08 09:00:00,2022-02-08 18:00:00,1,2022-02-02,2,1,NULL,NULL,NULL,1,NULL,1,afb530ae-a1e7-477c-aab5-9a779603e2d6,2022-02-26 02:12:42.646,afb530ae-a1e7-477c-aab5-9a779603e2d6,2022-02-26 02:13:27.249
66,a10035,401a2b27-c189-40f1-b34a-ac0b6cb7a55a,01,2022-02-08,2022-02-08 09:00:00,2022-02-08 18:00:00,1,2022-01-31,2,1,NULL,NULL,NULL,1,NULL,1,afb530ae-a1e7-477c-aab5-9a779603e2d6,2022-02-26 02:12:42.646,afb530ae-a1e7-477c-aab5-9a779603e2d6,2022-02-26 02:13:27.249
67,a10035,aafa97d0-4e61-414b-8ce8-4a79bc7cf0c3,02,2022-02-08,2022-02-08 09:00:00,2022-02-08 18:00:00,1,2022-02-01,2,1,NULL,NULL,NULL,1,NULL,1,afb530ae-a1e7-477c-aab5-9a779603e2d6,2022-02-26 02:12:42.646,afb530ae-a1e7-477c-aab5-9a779603e2d6,2022-02-26 02:13:27.249
68,a10035,126c81ab-067f-4c93-804d-377134cc465f,01,2022-02-08,2022-02-08 09:00:00,2022-02-08 18:00:00,1,2022-02-01,2,1,NULL,NULL,NULL,1,NULL,1,afb530ae-a1e7-477c-aab5-9a779603e2d6,2022-02-26 02:12:42.646,afb530ae-a1e7-477c-aab5-9a779603e2d6,2022-02-26 02:13:27.249
69,a10035,dc7407a0-a2f4-442b-9b6e-6e9b5167b923,02,2022-02-08,2022-02-08 09:00:00,2022-02-08 18:00:00,1,2022-02-02,2,1,NULL,NULL,NULL,1,NULL,1,afb530ae-a1e7-477c-aab5-9a779603e2d6,2022-02-26 02:12:42.646,afb530ae-a1e7-477c-aab5-9a779603e2d6,2022-02-26 02:13:27.249
70,a10035,5c9e01e5-1461-42b2-8cc4-54ed8b2c78ef,02,2022-02-08,2022-02-08 09:00:00,2022-02-08 12:00:00,1,2022-01-29,2,1,NULL,NULL,NULL,1,NULL,1,afb530ae-a1e7-477c-aab5-9a779603e2d6,2022-02-26 02:12:42.646,afb530ae-a1e7-477c-aab5-9a779603e2d6,2022-02-26 02:13:27.249
71,a10035,e14243c0-7c9a-4019-8ae9-13ceee6ceb2c,01,2022-02-08,2022-02-08 13:00:00,2022-02-08 18:00:00,1,2022-02-04,2,1,NULL,NULL,NULL,1,NULL,1,afb530ae-a1e7-477c-aab5-9a779603e2d6,2022-02-26 02:12:42.646,afb530ae-a1e7-477c-aab5-9a779603e2d6,2022-02-26 02:13:27.249
72,a10035,5eccf342-10cf-4957-89ee-47901e711f46,01,2022-02-08,2022-02-08 09:00:00,2022-02-08 18:00:00,1,2022-02-03,2,1,NULL,NULL,NULL,1,NULL,1,afb530ae-a1e7-477c-aab5-9a779603e2d6,2022-02-26 02:12:42.646,afb530ae-a1e7-477c-aab5-9a779603e2d6,2022-02-26 02:13:27.249
73,a10035,5c9e01e5-1461-42b2-8cc4-54ed8b2c78ef,01,2022-02-08,2022-02-08 09:00:00,2022-02-08 18:00:00,1,2022-01-30,2,1,NULL,NULL,NULL,1,NULL,1,afb530ae-a1e7-477c-aab5-9a779603e2d6,2022-02-26 02:12:42.646,afb530ae-a1e7-477c-aab5-9a779603e2d6,2022-02-26 02:13:27.249
74,a10035,21bfff81-2839-4319-865f-ad4e5712acf6,01,2022-02-08,2022-02-08 09:00:00,2022-02-08 18:00:00,1,2022-02-01,2,1,NULL,NULL,NULL,1,NULL,1,afb530ae-a1e7-477c-aab5-9a779603e2d6,2022-02-26 02:12:42.646,afb530ae-a1e7-477c-aab5-9a779603e2d6,2022-02-26 02:13:27.249
75,a10035,cbf1f43b-1f42-40c6-b749-abb852553189,02,2022-02-09,2022-02-09 09:00:00,2022-02-09 18:00:00,1,2022-01-31,2,1,NULL,NULL,NULL,1,NULL,1,afb530ae-a1e7-477c-aab5-9a779603e2d6,2022-02-26 02:12:42.646,afb530ae-a1e7-477c-aab5-9a779603e2d6,2022-02-26 02:13:27.249
76,a10035,e14243c0-7c9a-4019-8ae9-13ceee6ceb2c,01,2022-02-09,2022-02-09 09:00:00,2022-02-09 18:00:00,1,2022-01-30,2,1,NULL,NULL,NULL,1,NULL,1,afb530ae-a1e7-477c-aab5-9a779603e2d6,2022-02-26 02:12:42.646,afb530ae-a1e7-477c-aab5-9a779603e2d6,2022-02-26 02:13:27.249
77,a10035,4b7486f8-3244-4a4c-832b-8b8b0c78608a,03,2022-02-09,2022-02-09 09:00:00,2022-02-09 18:00:00,1,2022-02-02,2,1,NULL,NULL,NULL,1,NULL,1,afb530ae-a1e7-477c-aab5-9a779603e2d6,2022-02-26 02:12:42.646,afb530ae-a1e7-477c-aab5-9a779603e2d6,2022-02-26 02:13:27.249
78,a10035,cbf1f43b-1f42-40c6-b749-abb852553189,01,2022-02-09,2022-02-09 09:00:00,2022-02-09 12:00:00,1,2022-02-02,2,1,NULL,NULL,NULL,1,NULL,1,afb530ae-a1e7-477c-aab5-9a779603e2d6,2022-02-26 02:12:42.646,afb530ae-a1e7-477c-aab5-9a779603e2d6,2022-02-26 02:13:27.249
79,a10035,4b7486f8-3244-4a4c-832b-8b8b0c78608a,01,2022-02-09,2022-02-09 13:00:00,2022-02-09 18:00:00,1,2022-02-03,2,1,NULL,NULL,NULL,1,NULL,1,afb530ae-a1e7-477c-aab5-9a779603e2d6,2022-02-26 02:12:42.646,afb530ae-a1e7-477c-aab5-9a779603e2d6,2022-02-26 02:13:27.249
80,a10035,1b319c86-da22-4d47-9e7c-de2eef7a8b8d,02,2022-02-09,2022-02-09 09:00:00,2022-02-09 18:00:00,1,2022-01-29,2,1,NULL,NULL,NULL,1,NULL,1,afb530ae-a1e7-477c-aab5-9a779603e2d6,2022-02-26 02:12:42.646,afb530ae-a1e7-477c-aab5-9a779603e2d6,2022-02-26 02:13:27.249
81,a10035,ba86d707-a4f3-4f4a-9b93-a9d1be3c6b99,01,2022-02-09,2022-02-09 09:00:00,2022-02-09 12:00:00,1,2022-02-05,2,1,NULL,NULL,NULL,1,NULL,1,afb530ae-a1e7-477c-aab5-9a779603e2d6,2022-02-26 02:12:42.646,afb530ae-a1e7-477c-aab5-9a779603e2d6,2022-02-26 02:13:27.249
82,a10035,5c9e01e5-1461-42b2-8cc4-54ed8b2c78ef,01,2022-02-09,2022-02-09 13:00:00,2022-02-09 18:00:00,1,2022-02-04,2,1,NULL,NULL,NULL,1,NULL,1,afb530ae-a1e7-477c-aab5-9a779603e2d6,2022-02-26 02:12:42.646,afb530ae-a1e7-477c-aab5-9a779603e2d6,2022-02-26 02:13:27.249
83,a10035,5b458671-c0c8-4216-b148-073944411617,02,2022-02-09,2022-02-09 10:00:00,2022-02-09 13:00:00,1,2022-02-05,2,1,NULL,NULL,NULL,1,NULL,1,afb530ae-a1e7-477c-aab5-9a779603e2d6,2022-02-26 02:12:42.646,afb530ae-a1e7-477c-aab5-9a779603e2d6,2022-02-26 02:13:27.249
84,a10035,dc7407a0-a2f4-442b-9b6e-6e9b5167b923,02,2022-02-09,2022-02-09 14:00:00,2022-02-09 17:00:00,1,2022-01-31,2,1,NULL,NULL,NULL,1,NULL,1,afb530ae-a1e7-477c-aab5-9a779603e2d6,2022-02-26 02:12:42.646,afb530ae-a1e7-477c-aab5-9a779603e2d6,2022-02-26 02:13:27.249
85,a10035,cdc80ca0-97ee-470f-bb57-3e2928e3c4de,02,2022-02-09,2022-02-09 09:00:00,2022-02-09 12:00:00,1,2022-02-03,2,1,NULL,NULL,NULL,1,NULL,1,afb530ae-a1e7-477c-aab5-9a779603e2d6,2022-02-26 02:12:42.646,afb530ae-a1e7-477c-aab5-9a779603e2d6,2022-02-26 02:13:27.249
86,a10035,f2b87768-5b03-4cf5-81f4-14358ab0033a,02,2022-02-09,2022-02-09 13:00:00,2022-02-09 18:00:00,1,2022-01-31,2,1,NULL,NULL,NULL,1,NULL,1,afb530ae-a1e7-477c-aab5-9a779603e2d6,2022-02-26 02:12:42.646,afb530ae-a1e7-477c-aab5-9a779603e2d6,2022-02-26 02:13:27.249
87,a10035,e012c687-a79d-4633-a49c-096ee34d6cb2,03,2022-02-09,2022-02-09 09:00:00,2022-02-09 12:00:00,1,2022-01-28,2,1,NULL,NULL,NULL,1,NULL,1,afb530ae-a1e7-477c-aab5-9a779603e2d6,2022-02-26 02:12:42.646,afb530ae-a1e7-477c-aab5-9a779603e2d6,2022-02-26 02:13:27.249
88,a10035,126c81ab-067f-4c93-804d-377134cc465f,01,2022-02-09,2022-02-09 13:00:00,2022-02-09 18:00:00,1,2022-01-30,2,1,NULL,NULL,NULL,1,NULL,1,afb530ae-a1e7-477c-aab5-9a779603e2d6,2022-02-26 02:12:42.646,afb530ae-a1e7-477c-aab5-9a779603e2d6,2022-02-26 02:13:27.249
89,a10035,1b319c86-da22-4d47-9e7c-de2eef7a8b8d,01,2022-02-09,2022-02-09 09:00:00,2022-02-09 18:00:00,1,2022-01-30,2,1,NULL,NULL,NULL,1,NULL,1,afb530ae-a1e7-477c-aab5-9a779603e2d6,2022-02-26 02:12:42.646,afb530ae-a1e7-477c-aab5-9a779603e2d6,2022-02-26 02:13:27.249
90,a10035,1a7a20c6-541e-4e4a-88f8-75b8c22aa156,02,2022-02-10,2022-02-10 09:00:00,2022-02-10 18:00:00,1,2022-01-31,2,1,NULL,NULL,NULL,1,NULL,1,afb530ae-a1e7-477c-aab5-9a779603e2d6,2022-02-26 02:12:42.646,afb530ae-a1e7-477c-aab5-9a779603e2d6,2022-02-26 02:13:27.249
91,a10035,21bfff81-2839-4319-865f-ad4e5712acf6,01,2022-02-10,2022-02-10 09:00:00,2022-02-10 18:00:00,1,2022-02-01,2,1,NULL,NULL,NULL,1,NULL,1,afb530ae-a1e7-477c-aab5-9a779603e2d6,2022-02-26 02:12:42.646,afb530ae-a1e7-477c-aab5-9a779603e2d6,2022-02-26 02:13:27.249
92,a10035,ea181871-eb1e-4737-873d-0de28a39469b,02,2022-02-10,2022-02-10 09:00:00,2022-02-10 18:00:00,1,2022-02-04,2,1,NULL,NULL,NULL,1,NULL,1,afb530ae-a1e7-477c-aab5-9a779603e2d6,2022-02-26 02:12:42.646,afb530ae-a1e7-477c-aab5-9a779603e2d6,2022-02-26 02:13:27.249
93,a10035,21bfff81-2839-4319-865f-ad4e5712acf6,03,2022-02-10,2022-02-10 09:00:00,2022-02-10 18:00:00,1,2022-02-01,2,1,NULL,NULL,NULL,1,NULL,1,afb530ae-a1e7-477c-aab5-9a779603e2d6,2022-02-26 02:12:42.646,afb530ae-a1e7-477c-aab5-9a779603e2d6,2022-02-26 02:13:27.249
94,a10035,096129b3-71e4-498d-b1fe-7b11835a3bc7,01,2022-02-10,2022-02-10 09:00:00,2022-02-10 18:00:00,1,2022-02-04,2,1,NULL,NULL,NULL,1,NULL,1,afb530ae-a1e7-477c-aab5-9a779603e2d6,2022-02-26 02:12:42.646,afb530ae-a1e7-477c-aab5-9a779603e2d6,2022-02-26 02:13:27.249
95,a10035,5c9e01e5-1461-42b2-8cc4-54ed8b2c78ef,02,2022-02-10,2022-02-10 09:00:00,2022-02-10 18:00:00,1,2022-02-02,2,1,NULL,NULL,NULL,1,NULL,1,afb530ae-a1e7-477c-aab5-9a779603e2d6,2022-02-26 02:12:42.646,afb530ae-a1e7-477c-aab5-9a779603e2d6,2022-02-26 02:13:27.249
96,a10035,e14243c0-7c9a-4019-8ae9-13ceee6ceb2c,01,2022-02-10,2022-02-10 09:00:00,2022-02-10 12:00:00,1,2022-02-05,2,1,NULL,NULL,NULL,1,NULL,1,afb530ae-a1e7-477c-aab5-9a779603e2d6,2022-02-26 02:12:42.646,afb530ae-a1e7-477c-aab5-9a779603e2d6,2022-02-26 02:13:27.249
97,a10035,dc7407a0-a2f4-442b-9b6e-6e9b5167b923,03,2022-02-10,2022-02-10 13:00:00,2022-02-10 18:00:00,1,2022-02-06,2,1,NULL,NULL,NULL,1,NULL,1,afb530ae-a1e7-477c-aab5-9a779603e2d6,2022-02-26 02:12:42.646,afb530ae-a1e7-477c-aab5-9a779603e2d6,2022-02-26 02:13:27.249
98,a10035,4b7486f8-3244-4a4c-832b-8b8b0c78608a,01,2022-02-10,2022-02-10 09:00:00,2022-02-10 18:00:00,1,2022-02-04,2,1,NULL,NULL,NULL,1,NULL,1,afb530ae-a1e7-477c-aab5-9a779603e2d6,2022-02-26 02:12:42.646,afb530ae-a1e7-477c-aab5-9a779603e2d6,2022-02-26 02:13:27.249
99,a10035,e012c687-a79d-4633-a49c-096ee34d6cb2,01,2022-02-10,2022-02-10 09:00:00,2022-02-10 18:00:00,1,2022-02-06,2,1,NULL,NULL,NULL,1,NULL,1,afb530ae-a1e7-477c-aab5-9a779603e2d6,2022-02-26 02:12:42.646,afb530ae-a1e7-477c-aab5-9a779603e2d6,2022-02-26 02:13:27.249
100,a10035,e012c687-a79d-4633-a49c-096ee34d6cb2,03,2022-02-10,2022-02-10 09:00:00,2022-02-10 12:00:00,1,2022-02-05,2,1,NULL,NULL,NULL,1,NULL,1,afb530ae-a1e7-477c-aab5-9a779603e2d6,2022-02-26 02:12:42.646,afb530ae-a1e7-477c-aab5-9a779603e2d6,2022-02-26 02:13:27.249
101,a10035,401a2b27-c189-40f1-b34a-ac0b6cb7a55a,01,2022-02-10,2022-02-10 13:00:00,2022-02-10 18:00:00,1,2022-02-06,2,1,NULL,NULL,NULL,1,NULL,1,afb530ae-a1e7-477c-aab5-9a779603e2d6,2022-02-26 02:12:42.646,afb530ae-a1e7-477c-aab5-9a779603e2d6,2022-02-26 02:13:27.249
102,a10035,cdc80ca0-97ee-470f-bb57-3e2928e3c4de,01,2022-02-14,2022-02-14 09:00:00,2022-02-14 18:00:00,1,2022-02-03,2,1,NULL,NULL,NULL,1,NULL,1,afb530ae-a1e7-477c-aab5-9a779603e2d6,2022-02-26 02:12:42.646,afb530ae-a1e7-477c-aab5-9a779603e2d6,2022-02-26 02:13:27.249
103,a10035,21bfff81-2839-4319-865f-ad4e5712acf6,03,2022-02-14,2022-02-14 09:00:00,2022-02-14 18:00:00,1,2022-02-05,2,1,NULL,NULL,NULL,1,NULL,1,afb530ae-a1e7-477c-aab5-9a779603e2d6,2022-02-26 02:12:42.646,afb530ae-a1e7-477c-aab5-9a779603e2d6,2022-02-26 02:13:27.249
104,a10035,7c975522-79d5-4f99-910e-9d91c6062406,01,2022-02-14,2022-02-14 09:00:00,2022-02-14 18:00:00,1,2022-02-08,2,1,NULL,NULL,NULL,1,NULL,1,afb530ae-a1e7-477c-aab5-9a779603e2d6,2022-02-26 02:12:42.646,afb530ae-a1e7-477c-aab5-9a779603e2d6,2022-02-26 02:13:27.249
105,a10035,5eccf342-10cf-4957-89ee-47901e711f46,01,2022-02-14,2022-02-14 09:00:00,2022-02-14 18:00:00,1,2022-02-05,2,1,NULL,NULL,NULL,1,NULL,1,afb530ae-a1e7-477c-aab5-9a779603e2d6,2022-02-26 02:12:42.646,afb530ae-a1e7-477c-aab5-9a779603e2d6,2022-02-26 02:13:27.249
106,a10035,ef9722c3-6315-40d6-a41b-8a8c783ada6d,02,2022-02-14,2022-02-14 09:00:00,2022-02-14 18:00:00,1,2022-02-04,2,1,NULL,NULL,NULL,1,NULL,1,afb530ae-a1e7-477c-aab5-9a779603e2d6,2022-02-26 02:12:42.646,afb530ae-a1e7-477c-aab5-9a779603e2d6,2022-02-26 02:13:27.249
107,a10035,ea181871-eb1e-4737-873d-0de28a39469b,02,2022-02-14,2022-02-14 10:00:00,2022-02-14 13:00:00,1,2022-02-08,2,1,NULL,NULL,NULL,1,NULL,1,afb530ae-a1e7-477c-aab5-9a779603e2d6,2022-02-26 02:12:42.646,afb530ae-a1e7-477c-aab5-9a779603e2d6,2022-02-26 02:13:27.249
108,a10035,dc7407a0-a2f4-442b-9b6e-6e9b5167b923,03,2022-02-14,2022-02-14 14:00:00,2022-02-14 17:00:00,1,2022-02-05,2,1,NULL,NULL,NULL,1,NULL,1,afb530ae-a1e7-477c-aab5-9a779603e2d6,2022-02-26 02:12:42.646,afb530ae-a1e7-477c-aab5-9a779603e2d6,2022-02-26 02:13:27.249
109,a10035,5eccf342-10cf-4957-89ee-47901e711f46,02,2022-02-14,2022-02-14 09:00:00,2022-02-14 18:00:00,1,2022-02-10,2,1,NULL,NULL,NULL,1,NULL,1,afb530ae-a1e7-477c-aab5-9a779603e2d6,2022-02-26 02:12:42.646,afb530ae-a1e7-477c-aab5-9a779603e2d6,2022-02-26 02:13:27.249
110,a10035,5c9e01e5-1461-42b2-8cc4-54ed8b2c78ef,02,2022-02-14,2022-02-14 09:00:00,2022-02-14 18:00:00,1,2022-02-07,2,1,NULL,NULL,NULL,1,NULL,1,afb530ae-a1e7-477c-aab5-9a779603e2d6,2022-02-26 02:12:42.646,afb530ae-a1e7-477c-aab5-9a779603e2d6,2022-02-26 02:13:27.249
111,a10035,e14243c0-7c9a-4019-8ae9-13ceee6ceb2c,01,2022-02-14,2022-02-14 09:00:00,2022-02-14 18:00:00,1,2022-02-04,2,1,NULL,NULL,NULL,1,NULL,1,afb530ae-a1e7-477c-aab5-9a779603e2d6,2022-02-26 02:12:42.646,afb530ae-a1e7-477c-aab5-9a779603e2d6,2022-02-26 02:13:27.249
112,a10035,1a7a20c6-541e-4e4a-88f8-75b8c22aa156,02,2022-02-14,2022-02-14 09:00:00,2022-02-14 18:00:00,1,2022-02-02,2,1,NULL,NULL,NULL,1,NULL,1,afb530ae-a1e7-477c-aab5-9a779603e2d6,2022-02-26 02:12:42.646,afb530ae-a1e7-477c-aab5-9a779603e2d6,2022-02-26 02:13:27.249
113,a10035,dc7407a0-a2f4-442b-9b6e-6e9b5167b923,01,2022-02-15,2022-02-15 09:00:00,2022-02-15 12:00:00,1,2022-02-05,2,1,NULL,NULL,NULL,1,NULL,1,afb530ae-a1e7-477c-aab5-9a779603e2d6,2022-02-26 02:12:42.646,afb530ae-a1e7-477c-aab5-9a779603e2d6,2022-02-26 02:13:27.249
114,a10035,21bfff81-2839-4319-865f-ad4e5712acf6,01,2022-02-15,2022-02-15 13:00:00,2022-02-15 18:00:00,1,2022-02-06,2,1,NULL,NULL,NULL,1,NULL,1,afb530ae-a1e7-477c-aab5-9a779603e2d6,2022-02-26 02:12:42.646,afb530ae-a1e7-477c-aab5-9a779603e2d6,2022-02-26 02:13:27.249
115,a10035,f2b87768-5b03-4cf5-81f4-14358ab0033a,02,2022-02-15,2022-02-15 09:00:00,2022-02-15 18:00:00,1,2022-02-05,2,1,NULL,NULL,NULL,1,NULL,1,afb530ae-a1e7-477c-aab5-9a779603e2d6,2022-02-26 02:12:42.646,afb530ae-a1e7-477c-aab5-9a779603e2d6,2022-02-26 02:13:27.249
116,a10035,ef9722c3-6315-40d6-a41b-8a8c783ada6d,02,2022-02-15,2022-02-15 09:00:00,2022-02-15 12:00:00,1,2022-02-06,2,1,NULL,NULL,NULL,1,NULL,1,afb530ae-a1e7-477c-aab5-9a779603e2d6,2022-02-26 02:12:42.646,afb530ae-a1e7-477c-aab5-9a779603e2d6,2022-02-26 02:13:27.249
117,a10035,cdc80ca0-97ee-470f-bb57-3e2928e3c4de,03,2022-02-15,2022-02-15 13:00:00,2022-02-15 18:00:00,1,2022-02-11,2,1,NULL,NULL,NULL,1,NULL,1,afb530ae-a1e7-477c-aab5-9a779603e2d6,2022-02-26 02:12:42.646,afb530ae-a1e7-477c-aab5-9a779603e2d6,2022-02-26 02:13:27.249
118,a10035,e14243c0-7c9a-4019-8ae9-13ceee6ceb2c,01,2022-02-15,2022-02-15 09:00:00,2022-02-15 12:00:00,1,2022-02-11,2,1,NULL,NULL,NULL,1,NULL,1,afb530ae-a1e7-477c-aab5-9a779603e2d6,2022-02-26 02:12:42.646,afb530ae-a1e7-477c-aab5-9a779603e2d6,2022-02-26 02:13:27.249
119,a10035,7c975522-79d5-4f99-910e-9d91c6062406,01,2022-02-15,2022-02-15 13:00:00,2022-02-15 18:00:00,1,2022-02-05,2,1,NULL,NULL,NULL,1,NULL,1,afb530ae-a1e7-477c-aab5-9a779603e2d6,2022-02-26 02:12:42.646,afb530ae-a1e7-477c-aab5-9a779603e2d6,2022-02-26 02:13:27.249
120,a10035,aafa97d0-4e61-414b-8ce8-4a79bc7cf0c3,01,2022-02-15,2022-02-15 09:00:00,2022-02-15 18:00:00,1,2022-02-08,2,1,NULL,NULL,NULL,1,NULL,1,afb530ae-a1e7-477c-aab5-9a779603e2d6,2022-02-26 02:12:42.646,afb530ae-a1e7-477c-aab5-9a779603e2d6,2022-02-26 02:13:27.249
121,a10035,ba86d707-a4f3-4f4a-9b93-a9d1be3c6b99,01,2022-02-15,2022-02-15 09:00:00,2022-02-15 18:00:00,1,2022-02-03,2,1,NULL,NULL,NULL,1,NULL,1,afb530ae-a1e7-477c-aab5-9a779603e2d6,2022-02-26 02:12:42.646,afb530ae-a1e7-477c-aab5-9a779603e2d6,2022-02-26 02:13:27.249
122,a10035,1b319c86-da22-4d47-9e7c-de2eef7a8b8d,01,2022-02-15,2022-02-15 09:00:00,2022-02-15 18:00:00,1,2022-02-06,2,1,NULL,NULL,NULL,1,NULL,1,afb530ae-a1e7-477c-aab5-9a779603e2d6,2022-02-26 02:12:42.646,afb530ae-a1e7-477c-aab5-9a779603e2d6,2022-02-26 02:13:27.249
123,a10035,5c9e01e5-1461-42b2-8cc4-54ed8b2c78ef,02,2022-02-15,2022-02-15 09:00:00,2022-02-15 12:00:00,1,2022-02-10,2,1,NULL,NULL,NULL,1,NULL,1,afb530ae-a1e7-477c-aab5-9a779603e2d6,2022-02-26 02:12:42.646,afb530ae-a1e7-477c-aab5-9a779603e2d6,2022-02-26 02:13:27.249
124,a10035,4b7486f8-3244-4a4c-832b-8b8b0c78608a,02,2022-02-15,2022-02-15 13:00:00,2022-02-15 18:00:00,1,2022-02-08,2,1,NULL,NULL,NULL,1,NULL,1,afb530ae-a1e7-477c-aab5-9a779603e2d6,2022-02-26 02:12:42.646,afb530ae-a1e7-477c-aab5-9a779603e2d6,2022-02-26 02:13:27.249
125,a10035,096129b3-71e4-498d-b1fe-7b11835a3bc7,01,2022-02-15,2022-02-15 09:00:00,2022-02-15 12:00:00,1,2022-02-07,2,1,NULL,NULL,NULL,1,NULL,1,afb530ae-a1e7-477c-aab5-9a779603e2d6,2022-02-26 02:12:42.646,afb530ae-a1e7-477c-aab5-9a779603e2d6,2022-02-26 02:13:27.249
126,a10035,dc7407a0-a2f4-442b-9b6e-6e9b5167b923,02,2022-02-15,2022-02-15 13:00:00,2022-02-15 18:00:00,1,2022-02-11,2,1,NULL,NULL,NULL,1,NULL,1,afb530ae-a1e7-477c-aab5-9a779603e2d6,2022-02-26 02:12:42.646,afb530ae-a1e7-477c-aab5-9a779603e2d6,2022-02-26 02:13:27.249
127,a10035,ac8e28a2-0bcc-4d37-a620-7defb7d4c693,01,2022-02-16,2022-02-16 09:00:00,2022-02-16 18:00:00,1,2022-02-05,2,1,NULL,NULL,NULL,1,NULL,1,afb530ae-a1e7-477c-aab5-9a779603e2d6,2022-02-26 02:12:42.646,afb530ae-a1e7-477c-aab5-9a779603e2d6,2022-02-26 02:13:27.249
128,a10035,5eccf342-10cf-4957-89ee-47901e711f46,02,2022-02-16,2022-02-16 09:00:00,2022-02-16 18:00:00,1,2022-02-07,2,1,NULL,NULL,NULL,1,NULL,1,afb530ae-a1e7-477c-aab5-9a779603e2d6,2022-02-26 02:12:42.646,afb530ae-a1e7-477c-aab5-9a779603e2d6,2022-02-26 02:13:27.249
129,a10035,cbf1f43b-1f42-40c6-b749-abb852553189,03,2022-02-16,2022-02-16 09:00:00,2022-02-16 18:00:00,1,2022-02-10,2,1,NULL,NULL,NULL,1,NULL,1,afb530ae-a1e7-477c-aab5-9a779603e2d6,2022-02-26 02:12:42.646,afb530ae-a1e7-477c-aab5-9a779603e2d6,2022-02-26 02:13:27.249
130,a10035,aafa97d0-4e61-414b-8ce8-4a79bc7cf0c3,01,2022-02-16,2022-02-16 09:00:00,2022-02-16 18:00:00,1,2022-02-11,2,1,NULL,NULL,NULL,1,NULL,1,afb530ae-a1e7-477c-aab5-9a779603e2d6,2022-02-26 02:12:42.646,afb530ae-a1e7-477c-aab5-9a779603e2d6,2022-02-26 02:13:27.249
131,a10035,cdc80ca0-97ee-470f-bb57-3e2928e3c4de,02,2022-02-16,2022-02-16 09:00:00,2022-02-16 18:00:00,1,2022-02-10,2,1,NULL,NULL,NULL,1,NULL,1,afb530ae-a1e7-477c-aab5-9a779603e2d6,2022-02-26 02:12:42.646,afb530ae-a1e7-477c-aab5-9a779603e2d6,2022-02-26 02:13:27.249
132,a10035,096129b3-71e4-498d-b1fe-7b11835a3bc7,01,2022-02-16,2022-02-16 09:00:00,2022-02-16 12:00:00,1,2022-02-07,2,1,NULL,NULL,NULL,1,NULL,1,afb530ae-a1e7-477c-aab5-9a779603e2d6,2022-02-26 02:12:42.646,afb530ae-a1e7-477c-aab5-9a779603e2d6,2022-02-26 02:13:27.249
133,a10035,ef9722c3-6315-40d6-a41b-8a8c783ada6d,02,2022-02-16,2022-02-16 13:00:00,2022-02-16 18:00:00,1,2022-02-12,2,1,NULL,NULL,NULL,1,NULL,1,afb530ae-a1e7-477c-aab5-9a779603e2d6,2022-02-26 02:12:42.646,afb530ae-a1e7-477c-aab5-9a779603e2d6,2022-02-26 02:13:27.249
134,a10035,5c9e01e5-1461-42b2-8cc4-54ed8b2c78ef,01,2022-02-16,2022-02-16 09:00:00,2022-02-16 18:00:00,1,2022-02-11,2,1,NULL,NULL,NULL,1,NULL,1,afb530ae-a1e7-477c-aab5-9a779603e2d6,2022-02-26 02:12:42.646,afb530ae-a1e7-477c-aab5-9a779603e2d6,2022-02-26 02:13:27.249
135,a10035,1a7a20c6-541e-4e4a-88f8-75b8c22aa156,01,2022-02-16,2022-02-16 09:00:00,2022-02-16 18:00:00,1,2022-02-10,2,1,NULL,NULL,NULL,1,NULL,1,afb530ae-a1e7-477c-aab5-9a779603e2d6,2022-02-26 02:12:42.646,afb530ae-a1e7-477c-aab5-9a779603e2d6,2022-02-26 02:13:27.249
136,a10035,dc7407a0-a2f4-442b-9b6e-6e9b5167b923,03,2022-02-16,2022-02-16 09:00:00,2022-02-16 18:00:00,1,2022-02-07,2,1,NULL,NULL,NULL,1,NULL,1,afb530ae-a1e7-477c-aab5-9a779603e2d6,2022-02-26 02:12:42.646,afb530ae-a1e7-477c-aab5-9a779603e2d6,2022-02-26 02:13:27.249
137,a10035,e012c687-a79d-4633-a49c-096ee34d6cb2,02,2022-02-17,2022-02-17 09:00:00,2022-02-17 18:00:00,1,2022-02-07,2,1,NULL,NULL,NULL,1,NULL,1,afb530ae-a1e7-477c-aab5-9a779603e2d6,2022-02-26 02:12:42.646,afb530ae-a1e7-477c-aab5-9a779603e2d6,2022-02-26 02:13:27.249
138,a10035,5b458671-c0c8-4216-b148-073944411617,02,2022-02-17,2022-02-17 09:00:00,2022-02-17 12:00:00,1,2022-02-08,2,1,NULL,NULL,NULL,1,NULL,1,afb530ae-a1e7-477c-aab5-9a779603e2d6,2022-02-26 02:12:42.646,afb530ae-a1e7-477c-aab5-9a779603e2d6,2022-02-26 02:13:27.249
139,a10035,cbf1f43b-1f42-40c6-b749-abb852553189,02,2022-02-17,2022-02-17 13:00:00,2022-02-17 18:00:00,1,2022-02-12,2,1,NULL,NULL,NULL,1,NULL,1,afb530ae-a1e7-477c-aab5-9a779603e2d6,2022-02-26 02:12:42.646,afb530ae-a1e7-477c-aab5-9a779603e2d6,2022-02-26 02:13:27.249
140,a10035,7c975522-79d5-4f99-910e-9d91c6062406,01,2022-02-17,2022-02-17 09:00:00,2022-02-17 18:00:00,1,2022-02-11,2,1,NULL,NULL,NULL,1,NULL,1,afb530ae-a1e7-477c-aab5-9a779603e2d6,2022-02-26 02:12:42.646,afb530ae-a1e7-477c-aab5-9a779603e2d6,2022-02-26 02:13:27.249
141,a10035,cbf1f43b-1f42-40c6-b749-abb852553189,03,2022-02-17,2022-02-17 09:00:00,2022-02-17 18:00:00,1,2022-02-06,2,1,NULL,NULL,NULL,1,NULL,1,afb530ae-a1e7-477c-aab5-9a779603e2d6,2022-02-26 02:12:42.646,afb530ae-a1e7-477c-aab5-9a779603e2d6,2022-02-26 02:13:27.249
142,a10035,5b458671-c0c8-4216-b148-073944411617,01,2022-02-17,2022-02-17 09:00:00,2022-02-17 18:00:00,1,2022-02-05,2,1,NULL,NULL,NULL,1,NULL,1,afb530ae-a1e7-477c-aab5-9a779603e2d6,2022-02-26 02:12:42.646,afb530ae-a1e7-477c-aab5-9a779603e2d6,2022-02-26 02:13:27.249
143,a10035,cdc80ca0-97ee-470f-bb57-3e2928e3c4de,01,2022-02-17,2022-02-17 09:00:00,2022-02-17 18:00:00,1,2022-02-07,2,1,NULL,NULL,NULL,1,NULL,1,afb530ae-a1e7-477c-aab5-9a779603e2d6,2022-02-26 02:12:42.646,afb530ae-a1e7-477c-aab5-9a779603e2d6,2022-02-26 02:13:27.249
144,a10035,dc7407a0-a2f4-442b-9b6e-6e9b5167b923,02,2022-02-17,2022-02-17 09:00:00,2022-02-17 18:00:00,1,2022-02-09,2,1,NULL,NULL,NULL,1,NULL,1,afb530ae-a1e7-477c-aab5-9a779603e2d6,2022-02-26 02:12:42.646,afb530ae-a1e7-477c-aab5-9a779603e2d6,2022-02-26 02:13:27.249
145,a10035,ef9722c3-6315-40d6-a41b-8a8c783ada6d,01,2022-02-17,2022-02-17 09:00:00,2022-02-17 18:00:00,1,2022-02-10,2,1,NULL,NULL,NULL,1,NULL,1,afb530ae-a1e7-477c-aab5-9a779603e2d6,2022-02-26 02:12:42.646,afb530ae-a1e7-477c-aab5-9a779603e2d6,2022-02-26 02:13:27.249
146,a10035,5c9e01e5-1461-42b2-8cc4-54ed8b2c78ef,01,2022-02-17,2022-02-17 09:00:00,2022-02-17 18:00:00,1,2022-02-06,2,1,NULL,NULL,NULL,1,NULL,1,afb530ae-a1e7-477c-aab5-9a779603e2d6,2022-02-26 02:12:42.646,afb530ae-a1e7-477c-aab5-9a779603e2d6,2022-02-26 02:13:27.249
147,a10035,e012c687-a79d-4633-a49c-096ee34d6cb2,02,2022-02-18,2022-02-18 09:00:00,2022-02-18 12:00:00,1,2022-02-12,2,1,NULL,NULL,NULL,1,NULL,1,afb530ae-a1e7-477c-aab5-9a779603e2d6,2022-02-26 02:12:42.646,afb530ae-a1e7-477c-aab5-9a779603e2d6,2022-02-26 02:13:27.249
148,a10035,5eccf342-10cf-4957-89ee-47901e711f46,01,2022-02-18,2022-02-18 13:00:00,2022-02-18 18:00:00,1,2022-02-13,2,1,NULL,NULL,NULL,1,NULL,1,afb530ae-a1e7-477c-aab5-9a779603e2d6,2022-02-26 02:12:42.646,afb530ae-a1e7-477c-aab5-9a779603e2d6,2022-02-26 02:13:27.249
149,a10035,ef9722c3-6315-40d6-a41b-8a8c783ada6d,01,2022-02-18,2022-02-18 09:00:00,2022-02-18 18:00:00,1,2022-02-06,2,1,NULL,NULL,NULL,1,NULL,1,afb530ae-a1e7-477c-aab5-9a779603e2d6,2022-02-26 02:12:42.646,afb530ae-a1e7-477c-aab5-9a779603e2d6,2022-02-26 02:13:27.249
150,a10035,f2b87768-5b03-4cf5-81f4-14358ab0033a,02,2022-02-18,2022-02-18 09:00:00,2022-02-18 18:00:00,1,2022-02-10,2,1,NULL,NULL,NULL,1,NULL,1,afb530ae-a1e7-477c-aab5-9a779603e2d6,2022-02-26 02:12:42.646,afb530ae-a1e7-477c-aab5-9a779603e2d6,2022-02-26 02:13:27.249
151,a10035,ea181871-eb1e-4737-873d-0de28a39469b,01,2022-02-18,2022-02-18 10:00:00,2022-02-18 13:00:00,1,2022-02-10,2,1,NULL,NULL,NULL,1,NULL,1,afb530ae-a1e7-477c-aab5-9a779603e2d6,2022-02-26 02:12:42.646,afb530ae-a1e7-477c-aab5-9a779603e2d6,2022-02-26 02:13:27.249
152,a10035,cbf1f43b-1f42-40c6-b749-abb852553189,02,2022-02-18,2022-02-18 14:00:00,2022-02-18 17:00:00,1,2022-02-12,2,1,NULL,NULL,NULL,1,NULL,1,afb530ae-a1e7-477c-aab5-9a779603e2d6,2022-02-26 02:12:42.646,afb530ae-a1e7-477c-aab5-9a779603e2d6,2022-02-26 02:13:27.249
153,a10035,21bfff81-2839-4319-865f-ad4e5712acf6,01,2022-02-18,2022-02-18 09:00:00,2022-02-18 18:00:00,1,2022-02-08,2,1,NULL,NULL,NULL,1,NULL,1,afb530ae-a1e7-477c-aab5-9a779603e2d6,2022-02-26 02:12:42.646,afb530ae-a1e7-477c-aab5-9a779603e2d6,2022-02-26 02:13:27.249
154,a10035,401a2b27-c189-40f1-b34a-ac0b6cb7a55a,01,2022-02-18,2022-02-18 09:00:00,2022-02-18 18:00:00,1,2022-02-09,2,1,NULL,NULL,NULL,1,NULL,1,afb530ae-a1e7-477c-aab5-9a779603e2d6,2022-02-26 02:12:42.646,afb530ae-a1e7-477c-aab5-9a779603e2d6,2022-02-26 02:13:27.249
155,a10035,cdc80ca0-97ee-470f-bb57-3e2928e3c4de,02,2022-02-18,2022-02-18 09:00:00,2022-02-18 18:00:00,1,2022-02-06,2,1,NULL,NULL,NULL,1,NULL,1,afb530ae-a1e7-477c-aab5-9a779603e2d6,2022-02-26 02:12:42.646,afb530ae-a1e7-477c-aab5-9a779603e2d6,2022-02-26 02:13:27.249
156,a10035,1a7a20c6-541e-4e4a-88f8-75b8c22aa156,01,2022-02-18,2022-02-18 09:00:00,2022-02-18 18:00:00,1,2022-02-07,2,1,NULL,NULL,NULL,1,NULL,1,afb530ae-a1e7-477c-aab5-9a779603e2d6,2022-02-26 02:12:42.646,afb530ae-a1e7-477c-aab5-9a779603e2d6,2022-02-26 02:13:27.249
157,a10035,d6510232-7c27-4927-ac73-5cfd30f945a8,01,2022-02-18,2022-02-18 09:00:00,2022-02-18 18:00:00,1,2022-02-09,2,1,NULL,NULL,NULL,1,NULL,1,afb530ae-a1e7-477c-aab5-9a779603e2d6,2022-02-26 02:12:42.646,afb530ae-a1e7-477c-aab5-9a779603e2d6,2022-02-26 02:13:27.249
158,a10035,e012c687-a79d-4633-a49c-096ee34d6cb2,01,2022-02-18,2022-02-18 09:00:00,2022-02-18 18:00:00,1,2022-02-08,2,1,NULL,NULL,NULL,1,NULL,1,afb530ae-a1e7-477c-aab5-9a779603e2d6,2022-02-26 02:12:42.646,afb530ae-a1e7-477c-aab5-9a779603e2d6,2022-02-26 02:13:27.249
159,a10035,21bfff81-2839-4319-865f-ad4e5712acf6,03,2022-02-21,2022-02-21 10:00:00,2022-02-21 13:00:00,1,2022-02-15,2,1,NULL,NULL,NULL,1,NULL,1,afb530ae-a1e7-477c-aab5-9a779603e2d6,2022-02-26 02:12:42.646,afb530ae-a1e7-477c-aab5-9a779603e2d6,2022-02-26 02:13:27.249
160,a10035,cdc80ca0-97ee-470f-bb57-3e2928e3c4de,02,2022-02-21,2022-02-21 14:00:00,2022-02-21 17:00:00,1,2022-02-09,2,1,NULL,NULL,NULL,1,NULL,1,afb530ae-a1e7-477c-aab5-9a779603e2d6,2022-02-26 02:12:42.646,afb530ae-a1e7-477c-aab5-9a779603e2d6,2022-02-26 02:13:27.249
161,a10035,5c9e01e5-1461-42b2-8cc4-54ed8b2c78ef,02,2022-02-21,2022-02-21 09:00:00,2022-02-21 18:00:00,1,2022-02-15,2,1,NULL,NULL,NULL,1,NULL,1,afb530ae-a1e7-477c-aab5-9a779603e2d6,2022-02-26 02:12:42.646,afb530ae-a1e7-477c-aab5-9a779603e2d6,2022-02-26 02:13:27.249
162,a10035,1a7a20c6-541e-4e4a-88f8-75b8c22aa156,01,2022-02-21,2022-02-21 09:00:00,2022-02-21 18:00:00,1,2022-02-14,2,1,NULL,NULL,NULL,1,NULL,1,afb530ae-a1e7-477c-aab5-9a779603e2d6,2022-02-26 02:12:42.646,afb530ae-a1e7-477c-aab5-9a779603e2d6,2022-02-26 02:13:27.249
163,a10035,e14243c0-7c9a-4019-8ae9-13ceee6ceb2c,01,2022-02-21,2022-02-21 09:00:00,2022-02-21 18:00:00,1,2022-02-11,2,1,NULL,NULL,NULL,1,NULL,1,afb530ae-a1e7-477c-aab5-9a779603e2d6,2022-02-26 02:12:42.646,afb530ae-a1e7-477c-aab5-9a779603e2d6,2022-02-26 02:13:27.249
164,a10035,dc7407a0-a2f4-442b-9b6e-6e9b5167b923,01,2022-02-21,2022-02-21 09:00:00,2022-02-21 12:00:00,1,2022-02-14,2,1,NULL,NULL,NULL,1,NULL,1,afb530ae-a1e7-477c-aab5-9a779603e2d6,2022-02-26 02:12:42.646,afb530ae-a1e7-477c-aab5-9a779603e2d6,2022-02-26 02:13:27.249
165,a10035,cbf1f43b-1f42-40c6-b749-abb852553189,02,2022-02-21,2022-02-21 13:00:00,2022-02-21 18:00:00,1,2022-02-10,2,1,NULL,NULL,NULL,1,NULL,1,afb530ae-a1e7-477c-aab5-9a779603e2d6,2022-02-26 02:12:42.646,afb530ae-a1e7-477c-aab5-9a779603e2d6,2022-02-26 02:13:27.249
166,a10035,cbf1f43b-1f42-40c6-b749-abb852553189,03,2022-02-21,2022-02-21 09:00:00,2022-02-21 18:00:00,1,2022-02-13,2,1,NULL,NULL,NULL,1,NULL,1,afb530ae-a1e7-477c-aab5-9a779603e2d6,2022-02-26 02:12:42.646,afb530ae-a1e7-477c-aab5-9a779603e2d6,2022-02-26 02:13:27.249
167,a10035,1a7a20c6-541e-4e4a-88f8-75b8c22aa156,02,2022-02-21,2022-02-21 09:00:00,2022-02-21 18:00:00,1,2022-02-13,2,1,NULL,NULL,NULL,1,NULL,1,afb530ae-a1e7-477c-aab5-9a779603e2d6,2022-02-26 02:12:42.646,afb530ae-a1e7-477c-aab5-9a779603e2d6,2022-02-26 02:13:27.249
168,a10035,1b319c86-da22-4d47-9e7c-de2eef7a8b8d,01,2022-02-21,2022-02-21 09:00:00,2022-02-21 12:00:00,1,2022-02-13,2,1,NULL,NULL,NULL,1,NULL,1,afb530ae-a1e7-477c-aab5-9a779603e2d6,2022-02-26 02:12:42.646,afb530ae-a1e7-477c-aab5-9a779603e2d6,2022-02-26 02:13:27.249
169,a10035,126c81ab-067f-4c93-804d-377134cc465f,01,2022-02-21,2022-02-21 13:00:00,2022-02-21 18:00:00,1,2022-02-09,2,1,NULL,NULL,NULL,1,NULL,1,afb530ae-a1e7-477c-aab5-9a779603e2d6,2022-02-26 02:12:42.646,afb530ae-a1e7-477c-aab5-9a779603e2d6,2022-02-26 02:13:27.249
170,a10035,cbf1f43b-1f42-40c6-b749-abb852553189,03,2022-02-22,2022-02-22 09:00:00,2022-02-22 18:00:00,1,2022-02-17,2,1,NULL,NULL,NULL,1,NULL,1,afb530ae-a1e7-477c-aab5-9a779603e2d6,2022-02-26 02:12:42.646,afb530ae-a1e7-477c-aab5-9a779603e2d6,2022-02-26 02:13:27.249
171,a10035,aafa97d0-4e61-414b-8ce8-4a79bc7cf0c3,02,2022-02-22,2022-02-22 09:00:00,2022-02-22 18:00:00,1,2022-02-11,2,1,NULL,NULL,NULL,1,NULL,1,afb530ae-a1e7-477c-aab5-9a779603e2d6,2022-02-26 02:12:42.646,afb530ae-a1e7-477c-aab5-9a779603e2d6,2022-02-26 02:13:27.249
172,a10035,401a2b27-c189-40f1-b34a-ac0b6cb7a55a,01,2022-02-22,2022-02-22 09:00:00,2022-02-22 18:00:00,1,2022-02-15,2,1,NULL,NULL,NULL,1,NULL,1,afb530ae-a1e7-477c-aab5-9a779603e2d6,2022-02-26 02:12:42.646,afb530ae-a1e7-477c-aab5-9a779603e2d6,2022-02-26 02:13:27.249
173,a10035,dc7407a0-a2f4-442b-9b6e-6e9b5167b923,02,2022-02-22,2022-02-22 09:00:00,2022-02-22 18:00:00,1,2022-02-16,2,1,NULL,NULL,NULL,1,NULL,1,afb530ae-a1e7-477c-aab5-9a779603e2d6,2022-02-26 02:12:42.646,afb530ae-a1e7-477c-aab5-9a779603e2d6,2022-02-26 02:13:27.249
174,a10035,5eccf342-10cf-4957-89ee-47901e711f46,01,2022-02-22,2022-02-22 09:00:00,2022-02-22 18:00:00,1,2022-02-10,2,1,NULL,NULL,NULL,1,NULL,1,afb530ae-a1e7-477c-aab5-9a779603e2d6,2022-02-26 02:12:42.646,afb530ae-a1e7-477c-aab5-9a779603e2d6,2022-02-26 02:13:27.249
175,a10035,cbf1f43b-1f42-40c6-b749-abb852553189,02,2022-02-22,2022-02-22 09:00:00,2022-02-22 18:00:00,1,2022-02-14,2,1,NULL,NULL,NULL,1,NULL,1,afb530ae-a1e7-477c-aab5-9a779603e2d6,2022-02-26 02:12:42.646,afb530ae-a1e7-477c-aab5-9a779603e2d6,2022-02-26 02:13:27.249
176,a10035,ef9722c3-6315-40d6-a41b-8a8c783ada6d,01,2022-02-22,2022-02-22 09:00:00,2022-02-22 18:00:00,1,2022-02-11,2,1,NULL,NULL,NULL,1,NULL,1,afb530ae-a1e7-477c-aab5-9a779603e2d6,2022-02-26 02:12:42.646,afb530ae-a1e7-477c-aab5-9a779603e2d6,2022-02-26 02:13:27.249
177,a10035,dc7407a0-a2f4-442b-9b6e-6e9b5167b923,03,2022-02-22,2022-02-22 09:00:00,2022-02-22 18:00:00,1,2022-02-11,2,1,NULL,NULL,NULL,1,NULL,1,afb530ae-a1e7-477c-aab5-9a779603e2d6,2022-02-26 02:12:42.646,afb530ae-a1e7-477c-aab5-9a779603e2d6,2022-02-26 02:13:27.249
178,a10035,096129b3-71e4-498d-b1fe-7b11835a3bc7,01,2022-02-22,2022-02-22 09:00:00,2022-02-22 18:00:00,1,2022-02-15,2,1,NULL,NULL,NULL,1,NULL,1,afb530ae-a1e7-477c-aab5-9a779603e2d6,2022-02-26 02:12:42.646,afb530ae-a1e7-477c-aab5-9a779603e2d6,2022-02-26 02:13:27.249
179,a10035,1b319c86-da22-4d47-9e7c-de2eef7a8b8d,01,2022-02-24,2022-02-24 10:00:00,2022-02-24 13:00:00,1,2022-02-19,2,1,NULL,NULL,NULL,1,NULL,1,afb530ae-a1e7-477c-aab5-9a779603e2d6,2022-02-26 02:12:42.646,afb530ae-a1e7-477c-aab5-9a779603e2d6,2022-02-26 02:13:27.249
180,a10035,1a7a20c6-541e-4e4a-88f8-75b8c22aa156,02,2022-02-24,2022-02-24 14:00:00,2022-02-24 17:00:00,1,2022-02-19,2,1,NULL,NULL,NULL,1,NULL,1,afb530ae-a1e7-477c-aab5-9a779603e2d6,2022-02-26 02:12:42.646,afb530ae-a1e7-477c-aab5-9a779603e2d6,2022-02-26 02:13:27.249
181,a10035,cdc80ca0-97ee-470f-bb57-3e2928e3c4de,02,2022-02-24,2022-02-24 09:00:00,2022-02-24 12:00:00,1,2022-02-12,2,1,NULL,NULL,NULL,1,NULL,1,afb530ae-a1e7-477c-aab5-9a779603e2d6,2022-02-26 02:12:42.646,afb530ae-a1e7-477c-aab5-9a779603e2d6,2022-02-26 02:13:27.249
182,a10035,ef9722c3-6315-40d6-a41b-8a8c783ada6d,01,2022-02-24,2022-02-24 13:00:00,2022-02-24 18:00:00,1,2022-02-20,2,1,NULL,NULL,NULL,1,NULL,1,afb530ae-a1e7-477c-aab5-9a779603e2d6,2022-02-26 02:12:42.646,afb530ae-a1e7-477c-aab5-9a779603e2d6,2022-02-26 02:13:27.249
183,a10035,5c9e01e5-1461-42b2-8cc4-54ed8b2c78ef,02,2022-02-24,2022-02-24 09:00:00,2022-02-24 18:00:00,1,2022-02-20,2,1,NULL,NULL,NULL,1,NULL,1,afb530ae-a1e7-477c-aab5-9a779603e2d6,2022-02-26 02:12:42.646,afb530ae-a1e7-477c-aab5-9a779603e2d6,2022-02-26 02:13:27.249
184,a10035,1b319c86-da22-4d47-9e7c-de2eef7a8b8d,03,2022-02-24,2022-02-24 10:00:00,2022-02-24 13:00:00,1,2022-02-20,2,1,NULL,NULL,NULL,1,NULL,1,afb530ae-a1e7-477c-aab5-9a779603e2d6,2022-02-26 02:12:42.646,afb530ae-a1e7-477c-aab5-9a779603e2d6,2022-02-26 02:13:27.249
185,a10035,7c975522-79d5-4f99-910e-9d91c6062406,01,2022-02-24,2022-02-24 14:00:00,2022-02-24 17:00:00,1,2022-02-15,2,1,NULL,NULL,NULL,1,NULL,1,afb530ae-a1e7-477c-aab5-9a779603e2d6,2022-02-26 02:12:42.646,afb530ae-a1e7-477c-aab5-9a779603e2d6,2022-02-26 02:13:27.249
186,a10035,f2b87768-5b03-4cf5-81f4-14358ab0033a,01,2022-02-24,2022-02-24 09:00:00,2022-02-24 18:00:00,1,2022-02-15,2,1,NULL,NULL,NULL,1,NULL,1,afb530ae-a1e7-477c-aab5-9a779603e2d6,2022-02-26 02:12:42.646,afb530ae-a1e7-477c-aab5-9a779603e2d6,2022-02-26 02:13:27.249
187,a10035,21bfff81-2839-4319-865f-ad4e5712acf6,03,2022-02-24,2022-02-24 09:00:00,2022-02-24 18:00:00,1,2022-02-18,2,1,NULL,NULL,NULL,1,NULL,1,afb530ae-a1e7-477c-aab5-9a779603e2d6,2022-02-26 02:12:42.646,afb530ae-a1e7-477c-aab5-9a779603e2d6,2022-02-26 02:13:27.249
188,a10035,cbf1f43b-1f42-40c6-b749-abb852553189,01,2022-02-24,2022-02-24 09:00:00,2022-02-24 18:00:00,1,2022-02-17,2,1,NULL,NULL,NULL,1,NULL,1,afb530ae-a1e7-477c-aab5-9a779603e2d6,2022-02-26 02:12:42.646,afb530ae-a1e7-477c-aab5-9a779603e2d6,2022-02-26 02:13:27.249
189,a10035,21bfff81-2839-4319-865f-ad4e5712acf6,01,2022-02-24,2022-02-24 09:00:00,2022-02-24 12:00:00,1,2022-02-17,2,1,NULL,NULL,NULL,1,NULL,1,afb530ae-a1e7-477c-aab5-9a779603e2d6,2022-02-26 02:12:42.646,afb530ae-a1e7-477c-aab5-9a779603e2d6,2022-02-26 02:13:27.249
190,a10035,d6510232-7c27-4927-ac73-5cfd30f945a8,01,2022-02-24,2022-02-24 13:00:00,2022-02-24 18:00:00,1,2022-02-20,2,1,NULL,NULL,NULL,1,NULL,1,afb530ae-a1e7-477c-aab5-9a779603e2d6,2022-02-26 02:12:42.646,afb530ae-a1e7-477c-aab5-9a779603e2d6,2022-02-26 02:13:27.249
191,a10035,ef9722c3-6315-40d6-a41b-8a8c783ada6d,02,2022-02-24,2022-02-24 09:00:00,2022-02-24 18:00:00,1,2022-02-16,2,1,NULL,NULL,NULL,1,NULL,1,afb530ae-a1e7-477c-aab5-9a779603e2d6,2022-02-26 02:12:42.646,afb530ae-a1e7-477c-aab5-9a779603e2d6,2022-02-26 02:13:27.249
192,a10035,1a7a20c6-541e-4e4a-88f8-75b8c22aa156,01,2022-02-24,2022-02-24 09:00:00,2022-02-24 18:00:00,1,2022-02-17,2,1,NULL,NULL,NULL,1,NULL,1,afb530ae-a1e7-477c-aab5-9a779603e2d6,2022-02-26 02:12:42.646,afb530ae-a1e7-477c-aab5-9a779603e2d6,2022-02-26 02:13:27.249
193,a10035,1a7a20c6-541e-4e4a-88f8-75b8c22aa156,02,2022-02-25,2022-02-25 09:00:00,2022-02-25 18:00:00,1,2022-02-21,2,1,NULL,NULL,NULL,1,NULL,1,afb530ae-a1e7-477c-aab5-9a779603e2d6,2022-02-26 02:12:42.646,afb530ae-a1e7-477c-aab5-9a779603e2d6,2022-02-26 02:13:27.249
194,a10035,401a2b27-c189-40f1-b34a-ac0b6cb7a55a,01,2022-02-25,2022-02-25 09:00:00,2022-02-25 18:00:00,1,2022-02-20,2,1,NULL,NULL,NULL,1,NULL,1,afb530ae-a1e7-477c-aab5-9a779603e2d6,2022-02-26 02:12:42.646,afb530ae-a1e7-477c-aab5-9a779603e2d6,2022-02-26 02:13:27.249
195,a10035,dc7407a0-a2f4-442b-9b6e-6e9b5167b923,03,2022-02-25,2022-02-25 09:00:00,2022-02-25 18:00:00,1,2022-02-16,2,1,NULL,NULL,NULL,1,NULL,1,afb530ae-a1e7-477c-aab5-9a779603e2d6,2022-02-26 02:12:42.646,afb530ae-a1e7-477c-aab5-9a779603e2d6,2022-02-26 02:13:27.249
196,a10035,7c975522-79d5-4f99-910e-9d91c6062406,01,2022-02-25,2022-02-25 09:00:00,2022-02-25 18:00:00,1,2022-02-20,2,1,NULL,NULL,NULL,1,NULL,1,afb530ae-a1e7-477c-aab5-9a779603e2d6,2022-02-26 02:12:42.646,afb530ae-a1e7-477c-aab5-9a779603e2d6,2022-02-26 02:13:27.249
197,a10035,cbf1f43b-1f42-40c6-b749-abb852553189,01,2022-02-25,2022-02-25 09:00:00,2022-02-25 12:00:00,1,2022-02-15,2,1,NULL,NULL,NULL,1,NULL,1,afb530ae-a1e7-477c-aab5-9a779603e2d6,2022-02-26 02:12:42.646,afb530ae-a1e7-477c-aab5-9a779603e2d6,2022-02-26 02:13:27.249
198,a10035,21bfff81-2839-4319-865f-ad4e5712acf6,02,2022-02-25,2022-02-25 13:00:00,2022-02-25 18:00:00,1,2022-02-20,2,1,NULL,NULL,NULL,1,NULL,1,afb530ae-a1e7-477c-aab5-9a779603e2d6,2022-02-26 02:12:42.646,afb530ae-a1e7-477c-aab5-9a779603e2d6,2022-02-26 02:13:27.249
199,a10035,ba86d707-a4f3-4f4a-9b93-a9d1be3c6b99,01,2022-02-25,2022-02-25 09:00:00,2022-02-25 12:00:00,1,2022-02-20,2,1,NULL,NULL,NULL,1,NULL,1,afb530ae-a1e7-477c-aab5-9a779603e2d6,2022-02-26 02:12:42.646,afb530ae-a1e7-477c-aab5-9a779603e2d6,2022-02-26 02:13:27.249
200,a10035,5b458671-c0c8-4216-b148-073944411617,01,2022-02-25,2022-02-25 13:00:00,2022-02-25 18:00:00,1,2022-02-18,2,1,NULL,NULL,NULL,1,NULL,1,afb530ae-a1e7-477c-aab5-9a779603e2d6,2022-02-26 02:12:42.646,afb530ae-a1e7-477c-aab5-9a779603e2d6,2022-02-26 02:13:27.249
201,a10035,cdc80ca0-97ee-470f-bb57-3e2928e3c4de,03,2022-02-25,2022-02-25 09:00:00,2022-02-25 18:00:00,1,2022-02-16,2,1,NULL,NULL,NULL,1,NULL,1,afb530ae-a1e7-477c-aab5-9a779603e2d6,2022-02-26 02:12:42.646,afb530ae-a1e7-477c-aab5-9a779603e2d6,2022-02-26 02:13:27.249
202,a10035,cdc80ca0-97ee-470f-bb57-3e2928e3c4de,02,2022-02-25,2022-02-25 09:00:00,2022-02-25 18:00:00,1,2022-02-16,2,1,NULL,NULL,NULL,1,NULL,1,afb530ae-a1e7-477c-aab5-9a779603e2d6,2022-02-26 02:12:42.646,afb530ae-a1e7-477c-aab5-9a779603e2d6,2022-02-26 02:13:27.249
203,a10035,ef9722c3-6315-40d6-a41b-8a8c783ada6d,02,2022-02-25,2022-02-25 09:00:00,2022-02-25 18:00:00,1,2022-02-14,2,1,NULL,NULL,NULL,1,NULL,1,afb530ae-a1e7-477c-aab5-9a779603e2d6,2022-02-26 02:12:42.646,afb530ae-a1e7-477c-aab5-9a779603e2d6,2022-02-26 02:13:27.249
204,a10035,e012c687-a79d-4633-a49c-096ee34d6cb2,03,2022-02-25,2022-02-25 09:00:00,2022-02-25 12:00:00,1,2022-02-18,2,1,NULL,NULL,NULL,1,NULL,1,afb530ae-a1e7-477c-aab5-9a779603e2d6,2022-02-26 02:12:42.646,afb530ae-a1e7-477c-aab5-9a779603e2d6,2022-02-26 02:13:27.249
205,a10035,cbf1f43b-1f42-40c6-b749-abb852553189,03,2022-02-25,2022-02-25 13:00:00,2022-02-25 18:00:00,1,2022-02-20,2,1,NULL,NULL,NULL,1,NULL,1,afb530ae-a1e7-477c-aab5-9a779603e2d6,2022-02-26 02:12:42.646,afb530ae-a1e7-477c-aab5-9a779603e2d6,2022-02-26 02:13:27.249
206,a10035,1b319c86-da22-4d47-9e7c-de2eef7a8b8d,03,2022-02-28,2022-02-28 09:00:00,2022-02-28 12:00:00,1,2022-02-24,2,1,NULL,NULL,NULL,1,NULL,1,afb530ae-a1e7-477c-aab5-9a779603e2d6,2022-02-26 02:12:42.646,afb530ae-a1e7-477c-aab5-9a779603e2d6,2022-02-26 02:13:27.249
207,a10035,ba86d707-a4f3-4f4a-9b93-a9d1be3c6b99,01,2022-02-28,2022-02-28 13:00:00,2022-02-28 18:00:00,1,2022-02-22,2,1,NULL,NULL,NULL,1,NULL,1,afb530ae-a1e7-477c-aab5-9a779603e2d6,2022-02-26 02:12:42.646,afb530ae-a1e7-477c-aab5-9a779603e2d6,2022-02-26 02:13:27.249
208,a10035,5b458671-c0c8-4216-b148-073944411617,02,2022-02-28,2022-02-28 09:00:00,2022-02-28 18:00:00,1,2022-02-22,2,1,NULL,NULL,NULL,1,NULL,1,afb530ae-a1e7-477c-aab5-9a779603e2d6,2022-02-26 02:12:42.646,afb530ae-a1e7-477c-aab5-9a779603e2d6,2022-02-26 02:13:27.249
209,a10035,1b319c86-da22-4d47-9e7c-de2eef7a8b8d,01,2022-02-28,2022-02-28 09:00:00,2022-02-28 12:00:00,1,2022-02-18,2,1,NULL,NULL,NULL,1,NULL,1,afb530ae-a1e7-477c-aab5-9a779603e2d6,2022-02-26 02:12:42.646,afb530ae-a1e7-477c-aab5-9a779603e2d6,2022-02-26 02:13:27.249
210,a10035,cdc80ca0-97ee-470f-bb57-3e2928e3c4de,02,2022-02-28,2022-02-28 13:00:00,2022-02-28 18:00:00,1,2022-02-23,2,1,NULL,NULL,NULL,1,NULL,1,afb530ae-a1e7-477c-aab5-9a779603e2d6,2022-02-26 02:12:42.646,afb530ae-a1e7-477c-aab5-9a779603e2d6,2022-02-26 02:13:27.249
211,a10035,e012c687-a79d-4633-a49c-096ee34d6cb2,02,2022-02-28,2022-02-28 09:00:00,2022-02-28 18:00:00,1,2022-02-16,2,1,NULL,NULL,NULL,1,NULL,1,afb530ae-a1e7-477c-aab5-9a779603e2d6,2022-02-26 02:12:42.646,afb530ae-a1e7-477c-aab5-9a779603e2d6,2022-02-26 02:13:27.249
212,a10035,e14243c0-7c9a-4019-8ae9-13ceee6ceb2c,01,2022-02-28,2022-02-28 10:00:00,2022-02-28 13:00:00,1,2022-02-18,2,1,NULL,NULL,NULL,1,NULL,1,afb530ae-a1e7-477c-aab5-9a779603e2d6,2022-02-26 02:12:42.646,afb530ae-a1e7-477c-aab5-9a779603e2d6,2022-02-26 02:13:27.249
213,a10035,ea181871-eb1e-4737-873d-0de28a39469b,02,2022-02-28,2022-02-28 14:00:00,2022-02-28 17:00:00,1,2022-02-22,2,1,NULL,NULL,NULL,1,NULL,1,afb530ae-a1e7-477c-aab5-9a779603e2d6,2022-02-26 02:12:42.646,afb530ae-a1e7-477c-aab5-9a779603e2d6,2022-02-26 02:13:27.249
214,a10035,401a2b27-c189-40f1-b34a-ac0b6cb7a55a,01,2022-02-28,2022-02-28 09:00:00,2022-02-28 18:00:00,1,2022-02-23,2,1,NULL,NULL,NULL,1,NULL,1,afb530ae-a1e7-477c-aab5-9a779603e2d6,2022-02-26 02:12:42.646,afb530ae-a1e7-477c-aab5-9a779603e2d6,2022-02-26 02:13:27.249
215,a10035,e012c687-a79d-4633-a49c-096ee34d6cb2,01,2022-02-28,2022-02-28 09:00:00,2022-02-28 18:00:00,1,2022-02-23,2,1,NULL,NULL,NULL,1,NULL,1,afb530ae-a1e7-477c-aab5-9a779603e2d6,2022-02-26 02:12:42.646,afb530ae-a1e7-477c-aab5-9a779603e2d6,2022-02-26 02:13:27.249
216,a10035,1a7a20c6-541e-4e4a-88f8-75b8c22aa156,02,2022-02-28,2022-02-28 09:00:00,2022-02-28 18:00:00,1,2022-02-18,2,1,NULL,NULL,NULL,1,NULL,1,afb530ae-a1e7-477c-aab5-9a779603e2d6,2022-02-26 02:12:42.646,afb530ae-a1e7-477c-aab5-9a779603e2d6,2022-02-26 02:13:27.249
217,a10035,ef9722c3-6315-40d6-a41b-8a8c783ada6d,02,2022-02-28,2022-02-28 09:00:00,2022-02-28 18:00:00,1,2022-02-18,2,1,NULL,NULL,NULL,1,NULL,1,afb530ae-a1e7-477c-aab5-9a779603e2d6,2022-02-26 02:12:42.646,afb530ae-a1e7-477c-aab5-9a779603e2d6,2022-02-26 02:13:27.249
218,a10035,5eccf342-10cf-4957-89ee-47901e711f46,02,2022-02-28,2022-02-28 09:00:00,2022-02-28 18:00:00,1,2022-02-16,2,1,NULL,NULL,NULL,1,NULL,1,afb530ae-a1e7-477c-aab5-9a779603e2d6,2022-02-26 02:12:42.646,afb530ae-a1e7-477c-aab5-9a779603e2d6,2022-02-26 02:13:27.249
219,a10035,4b7486f8-3244-4a4c-832b-8b8b0c78608a,02,2022-03-01,2022-03-01 09:00:00,2022-03-01 18:00:00,1,2022-02-21,2,1,NULL,NULL,NULL,1,NULL,1,afb530ae-a1e7-477c-aab5-9a779603e2d6,2022-02-26 02:12:42.646,afb530ae-a1e7-477c-aab5-9a779603e2d6,2022-02-26 02:13:27.249
220,a10035,1a7a20c6-541e-4e4a-88f8-75b8c22aa156,02,2022-03-01,2022-03-01 09:00:00,2022-03-01 18:00:00,1,2022-02-18,2,1,NULL,NULL,NULL,1,NULL,1,afb530ae-a1e7-477c-aab5-9a779603e2d6,2022-02-26 02:12:42.646,afb530ae-a1e7-477c-aab5-9a779603e2d6,2022-02-26 02:13:27.249
221,a10035,1b319c86-da22-4d47-9e7c-de2eef7a8b8d,02,2022-03-01,2022-03-01 09:00:00,2022-03-01 12:00:00,1,2022-02-22,2,1,NULL,NULL,NULL,1,NULL,1,afb530ae-a1e7-477c-aab5-9a779603e2d6,2022-02-26 02:12:42.646,afb530ae-a1e7-477c-aab5-9a779603e2d6,2022-02-26 02:13:27.249
222,a10035,21bfff81-2839-4319-865f-ad4e5712acf6,02,2022-03-01,2022-03-01 13:00:00,2022-03-01 18:00:00,1,2022-02-22,2,1,NULL,NULL,NULL,1,NULL,1,afb530ae-a1e7-477c-aab5-9a779603e2d6,2022-02-26 02:12:42.646,afb530ae-a1e7-477c-aab5-9a779603e2d6,2022-02-26 02:13:27.249
223,a10035,cbf1f43b-1f42-40c6-b749-abb852553189,02,2022-03-01,2022-03-01 09:00:00,2022-03-01 18:00:00,1,2022-02-25,2,1,NULL,NULL,NULL,1,NULL,1,afb530ae-a1e7-477c-aab5-9a779603e2d6,2022-02-26 02:12:42.646,afb530ae-a1e7-477c-aab5-9a779603e2d6,2022-02-26 02:13:27.249
224,a10035,ba86d707-a4f3-4f4a-9b93-a9d1be3c6b99,01,2022-03-01,2022-03-01 09:00:00,2022-03-01 18:00:00,1,2022-02-18,2,1,NULL,NULL,NULL,1,NULL,1,afb530ae-a1e7-477c-aab5-9a779603e2d6,2022-02-26 02:12:42.646,afb530ae-a1e7-477c-aab5-9a779603e2d6,2022-02-26 02:13:27.249
225,a10035,5eccf342-10cf-4957-89ee-47901e711f46,02,2022-03-01,2022-03-01 10:00:00,2022-03-01 13:00:00,1,2022-02-17,2,1,NULL,NULL,NULL,1,NULL,1,afb530ae-a1e7-477c-aab5-9a779603e2d6,2022-02-26 02:12:42.646,afb530ae-a1e7-477c-aab5-9a779603e2d6,2022-02-26 02:13:27.249
226,a10035,f2b87768-5b03-4cf5-81f4-14358ab0033a,02,2022-03-01,2022-03-01 14:00:00,2022-03-01 17:00:00,1,2022-02-17,2,1,NULL,NULL,NULL,1,NULL,1,afb530ae-a1e7-477c-aab5-9a779603e2d6,2022-02-26 02:12:42.646,afb530ae-a1e7-477c-aab5-9a779603e2d6,2022-02-26 02:13:27.249
227,a10035,5eccf342-10cf-4957-89ee-47901e711f46,01,2022-03-01,2022-03-01 09:00:00,2022-03-01 18:00:00,1,2022-02-23,2,1,NULL,NULL,NULL,1,NULL,1,afb530ae-a1e7-477c-aab5-9a779603e2d6,2022-02-26 02:12:42.646,afb530ae-a1e7-477c-aab5-9a779603e2d6,2022-02-26 02:13:27.249
228,a10035,ef9722c3-6315-40d6-a41b-8a8c783ada6d,01,2022-03-01,2022-03-01 09:00:00,2022-03-01 12:00:00,1,2022-02-19,2,1,NULL,NULL,NULL,1,NULL,1,afb530ae-a1e7-477c-aab5-9a779603e2d6,2022-02-26 02:12:42.646,afb530ae-a1e7-477c-aab5-9a779603e2d6,2022-02-26 02:13:27.249
229,a10035,aafa97d0-4e61-414b-8ce8-4a79bc7cf0c3,02,2022-03-01,2022-03-01 13:00:00,2022-03-01 18:00:00,1,2022-02-22,2,1,NULL,NULL,NULL,1,NULL,1,afb530ae-a1e7-477c-aab5-9a779603e2d6,2022-02-26 02:12:42.646,afb530ae-a1e7-477c-aab5-9a779603e2d6,2022-02-26 02:13:27.249
230,a10035,1b319c86-da22-4d47-9e7c-de2eef7a8b8d,01,2022-03-01,2022-03-01 09:00:00,2022-03-01 18:00:00,1,2022-02-25,2,1,NULL,NULL,NULL,1,NULL,1,afb530ae-a1e7-477c-aab5-9a779603e2d6,2022-02-26 02:12:42.646,afb530ae-a1e7-477c-aab5-9a779603e2d6,2022-02-26 02:13:27.249
231,a10035,ef9722c3-6315-40d6-a41b-8a8c783ada6d,02,2022-03-01,2022-03-01 09:00:00,2022-03-01 18:00:00,1,2022-02-20,2,1,NULL,NULL,NULL,1,NULL,1,afb530ae-a1e7-477c-aab5-9a779603e2d6,2022-02-26 02:12:42.646,afb530ae-a1e7-477c-aab5-9a779603e2d6,2022-02-26 02:13:27.249
232,a10035,1a7a20c6-541e-4e4a-88f8-75b8c22aa156,01,2022-03-02,2022-03-02 09:00:00,2022-03-02 18:00:00,1,2022-02-19,1,0,NULL,NULL,NULL,1,NULL,1,afb530ae-a1e7-477c-aab5-9a779603e2d6,2022-02-26 02:11:20.990,afb530ae-a1e7-477c-aab5-9a779603e2d6,2022-02-26 02:11:20.990
233,a10035,1b319c86-da22-4d47-9e7c-de2eef7a8b8d,02,2022-03-02,2022-03-02 09:00:00,2022-03-02 18:00:00,1,2022-02-26,1,0,NULL,NULL,NULL,1,NULL,1,afb530ae-a1e7-477c-aab5-9a779603e2d6,2022-02-26 02:11:20.990,afb530ae-a1e7-477c-aab5-9a779603e2d6,2022-02-26 02:11:20.990
234,a10035,1b319c86-da22-4d47-9e7c-de2eef7a8b8d,01,2022-03-02,2022-03-02 09:00:00,2022-03-02 18:00:00,1,2022-02-26,1,0,NULL,NULL,NULL,1,NULL,1,afb530ae-a1e7-477c-aab5-9a779603e2d6,2022-02-26 02:11:20.990,afb530ae-a1e7-477c-aab5-9a779603e2d6,2022-02-26 02:11:20.990
235,a10035,5eccf342-10cf-4957-89ee-47901e711f46,01,2022-03-02,2022-03-02 09:00:00,2022-03-02 18:00:00,1,2022-02-19,1,0,NULL,NULL,NULL,1,NULL,1,afb530ae-a1e7-477c-aab5-9a779603e2d6,2022-02-26 02:11:20.990,afb530ae-a1e7-477c-aab5-9a779603e2d6,2022-02-26 02:11:20.990
236,a10035,f2b87768-5b03-4cf5-81f4-14358ab0033a,01,2022-03-02,2022-03-02 09:00:00,2022-03-02 18:00:00,1,2022-02-25,1,0,NULL,NULL,NULL,1,NULL,1,afb530ae-a1e7-477c-aab5-9a779603e2d6,2022-02-26 02:11:20.990,afb530ae-a1e7-477c-aab5-9a779603e2d6,2022-02-26 02:11:20.990
237,a10035,99f40700-1a9c-4e64-8fdb-ec8ca22b237a,01,2022-03-02,2022-03-02 09:00:00,2022-03-02 18:00:00,1,2022-02-22,1,0,NULL,NULL,NULL,1,NULL,1,afb530ae-a1e7-477c-aab5-9a779603e2d6,2022-02-26 02:11:20.990,afb530ae-a1e7-477c-aab5-9a779603e2d6,2022-02-26 02:11:20.990
238,a10035,cbf1f43b-1f42-40c6-b749-abb852553189,02,2022-03-02,2022-03-02 09:00:00,2022-03-02 18:00:00,1,2022-02-18,1,0,NULL,NULL,NULL,1,NULL,1,afb530ae-a1e7-477c-aab5-9a779603e2d6,2022-02-26 02:11:20.990,afb530ae-a1e7-477c-aab5-9a779603e2d6,2022-02-26 02:11:20.990
239,a10035,ba86d707-a4f3-4f4a-9b93-a9d1be3c6b99,01,2022-03-02,2022-03-02 09:00:00,2022-03-02 18:00:00,1,2022-02-23,1,0,NULL,NULL,NULL,1,NULL,1,afb530ae-a1e7-477c-aab5-9a779603e2d6,2022-02-26 02:11:20.990,afb530ae-a1e7-477c-aab5-9a779603e2d6,2022-02-26 02:11:20.990
240,a10035,cbf1f43b-1f42-40c6-b749-abb852553189,03,2022-03-02,2022-03-02 09:00:00,2022-03-02 18:00:00,1,2022-02-18,1,0,NULL,NULL,NULL,1,NULL,1,afb530ae-a1e7-477c-aab5-9a779603e2d6,2022-02-26 02:11:20.990,afb530ae-a1e7-477c-aab5-9a779603e2d6,2022-02-26 02:11:20.990
241,a10035,5eccf342-10cf-4957-89ee-47901e711f46,02,2022-03-03,2022-03-03 09:00:00,2022-03-03 18:00:00,1,2022-02-26,1,0,NULL,NULL,NULL,1,NULL,1,afb530ae-a1e7-477c-aab5-9a779603e2d6,2022-02-26 02:11:20.990,afb530ae-a1e7-477c-aab5-9a779603e2d6,2022-02-26 02:11:20.990
242,a10035,cbf1f43b-1f42-40c6-b749-abb852553189,03,2022-03-03,2022-03-03 09:00:00,2022-03-03 18:00:00,1,2022-02-23,1,0,NULL,NULL,NULL,1,NULL,1,afb530ae-a1e7-477c-aab5-9a779603e2d6,2022-02-26 02:11:20.990,afb530ae-a1e7-477c-aab5-9a779603e2d6,2022-02-26 02:11:20.990
243,a10035,5b458671-c0c8-4216-b148-073944411617,02,2022-03-03,2022-03-03 09:00:00,2022-03-03 18:00:00,1,2022-02-26,1,0,NULL,NULL,NULL,1,NULL,1,afb530ae-a1e7-477c-aab5-9a779603e2d6,2022-02-26 02:11:20.990,afb530ae-a1e7-477c-aab5-9a779603e2d6,2022-02-26 02:11:20.990
244,a10035,1a7a20c6-541e-4e4a-88f8-75b8c22aa156,02,2022-03-03,2022-03-03 09:00:00,2022-03-03 18:00:00,1,2022-02-22,1,0,NULL,NULL,NULL,1,NULL,1,afb530ae-a1e7-477c-aab5-9a779603e2d6,2022-02-26 02:11:20.990,afb530ae-a1e7-477c-aab5-9a779603e2d6,2022-02-26 02:11:20.990
245,a10035,5c9e01e5-1461-42b2-8cc4-54ed8b2c78ef,02,2022-03-03,2022-03-03 09:00:00,2022-03-03 18:00:00,1,2022-02-24,1,0,NULL,NULL,NULL,1,NULL,1,afb530ae-a1e7-477c-aab5-9a779603e2d6,2022-02-26 02:11:20.990,afb530ae-a1e7-477c-aab5-9a779603e2d6,2022-02-26 02:11:20.990
246,a10035,e012c687-a79d-4633-a49c-096ee34d6cb2,01,2022-03-03,2022-03-03 09:00:00,2022-03-03 12:00:00,1,2022-02-24,1,0,NULL,NULL,NULL,1,NULL,1,afb530ae-a1e7-477c-aab5-9a779603e2d6,2022-02-26 02:11:20.990,afb530ae-a1e7-477c-aab5-9a779603e2d6,2022-02-26 02:11:20.990
247,a10035,ef9722c3-6315-40d6-a41b-8a8c783ada6d,02,2022-03-03,2022-03-03 13:00:00,2022-03-03 18:00:00,1,2022-02-26,1,0,NULL,NULL,NULL,1,NULL,1,afb530ae-a1e7-477c-aab5-9a779603e2d6,2022-02-26 02:11:20.990,afb530ae-a1e7-477c-aab5-9a779603e2d6,2022-02-26 02:11:20.990
248,a10035,bca52f69-0919-422e-b38c-6ad5b0298b1f,01,2022-03-04,2022-03-04 09:00:00,2022-03-04 18:00:00,1,2022-02-21,1,0,NULL,NULL,NULL,1,NULL,1,afb530ae-a1e7-477c-aab5-9a779603e2d6,2022-02-26 02:11:20.990,afb530ae-a1e7-477c-aab5-9a779603e2d6,2022-02-26 02:11:20.990
249,a10035,f2b87768-5b03-4cf5-81f4-14358ab0033a,02,2022-03-04,2022-03-04 09:00:00,2022-03-04 18:00:00,1,2022-02-23,1,0,NULL,NULL,NULL,1,NULL,1,afb530ae-a1e7-477c-aab5-9a779603e2d6,2022-02-26 02:11:20.990,afb530ae-a1e7-477c-aab5-9a779603e2d6,2022-02-26 02:11:20.990
250,a10035,4b7486f8-3244-4a4c-832b-8b8b0c78608a,01,2022-03-04,2022-03-04 09:00:00,2022-03-04 18:00:00,1,2022-02-22,1,0,NULL,NULL,NULL,1,NULL,1,afb530ae-a1e7-477c-aab5-9a779603e2d6,2022-02-26 02:11:20.990,afb530ae-a1e7-477c-aab5-9a779603e2d6,2022-02-26 02:11:20.990
251,a10035,ea181871-eb1e-4737-873d-0de28a39469b,02,2022-03-04,2022-03-04 09:00:00,2022-03-04 12:00:00,1,2022-02-25,1,0,NULL,NULL,NULL,1,NULL,1,afb530ae-a1e7-477c-aab5-9a779603e2d6,2022-02-26 02:11:20.990,afb530ae-a1e7-477c-aab5-9a779603e2d6,2022-02-26 02:11:20.990
252,a10035,ea181871-eb1e-4737-873d-0de28a39469b,01,2022-03-04,2022-03-04 13:00:00,2022-03-04 18:00:00,1,2022-02-28,1,0,NULL,NULL,NULL,1,NULL,1,afb530ae-a1e7-477c-aab5-9a779603e2d6,2022-02-26 02:11:20.990,afb530ae-a1e7-477c-aab5-9a779603e2d6,2022-02-26 02:11:20.990
253,a10035,aafa97d0-4e61-414b-8ce8-4a79bc7cf0c3,01,2022-03-04,2022-03-04 09:00:00,2022-03-04 18:00:00,1,2022-02-24,1,0,NULL,NULL,NULL,1,NULL,1,afb530ae-a1e7-477c-aab5-9a779603e2d6,2022-02-26 02:11:20.990,afb530ae-a1e7-477c-aab5-9a779603e2d6,2022-02-26 02:11:20.990
254,a10035,4b7486f8-3244-4a4c-832b-8b8b0c78608a,01,2022-03-07,2022-03-07 09:00:00,2022-03-07 18:00:00,1,2022-02-27,1,0,NULL,NULL,NULL,1,NULL,1,afb530ae-a1e7-477c-aab5-9a779603e2d6,2022-02-26 02:11:20.990,afb530ae-a1e7-477c-aab5-9a779603e2d6,2022-02-26 02:11:20.990
255,a10035,dc7407a0-a2f4-442b-9b6e-6e9b5167b923,01,2022-03-07,2022-03-07 09:00:00,2022-03-07 18:00:00,1,2022-02-27,1,0,NULL,NULL,NULL,1,NULL,1,afb530ae-a1e7-477c-aab5-9a779603e2d6,2022-02-26 02:11:20.990,afb530ae-a1e7-477c-aab5-9a779603e2d6,2022-02-26 02:11:20.990
256,a10035,e012c687-a79d-4633-a49c-096ee34d6cb2,02,2022-03-07,2022-03-07 09:00:00,2022-03-07 12:00:00,1,2022-02-25,1,0,NULL,NULL,NULL,1,NULL,1,afb530ae-a1e7-477c-aab5-9a779603e2d6,2022-02-26 02:11:20.990,afb530ae-a1e7-477c-aab5-9a779603e2d6,2022-02-26 02:11:20.990
257,a10035,5c9e01e5-1461-42b2-8cc4-54ed8b2c78ef,01,2022-03-07,2022-03-07 13:00:00,2022-03-07 18:00:00,1,2022-03-02,1,0,NULL,NULL,NULL,1,NULL,1,afb530ae-a1e7-477c-aab5-9a779603e2d6,2022-02-26 02:11:20.990,afb530ae-a1e7-477c-aab5-9a779603e2d6,2022-02-26 02:11:20.990
258,a10035,cdc80ca0-97ee-470f-bb57-3e2928e3c4de,02,2022-03-07,2022-03-07 09:00:00,2022-03-07 18:00:00,1,2022-02-28,1,0,NULL,NULL,NULL,1,NULL,1,afb530ae-a1e7-477c-aab5-9a779603e2d6,2022-02-26 02:11:20.990,afb530ae-a1e7-477c-aab5-9a779603e2d6,2022-02-26 02:11:20.990
259,a10035,bca52f69-0919-422e-b38c-6ad5b0298b1f,01,2022-03-07,2022-03-07 09:00:00,2022-03-07 18:00:00,1,2022-02-25,1,0,NULL,NULL,NULL,1,NULL,1,afb530ae-a1e7-477c-aab5-9a779603e2d6,2022-02-26 02:11:20.990,afb530ae-a1e7-477c-aab5-9a779603e2d6,2022-02-26 02:11:20.990
260,a10035,4b7486f8-3244-4a4c-832b-8b8b0c78608a,03,2022-03-07,2022-03-07 09:00:00,2022-03-07 18:00:00,1,2022-03-02,1,0,NULL,NULL,NULL,1,NULL,1,afb530ae-a1e7-477c-aab5-9a779603e2d6,2022-02-26 02:11:20.990,afb530ae-a1e7-477c-aab5-9a779603e2d6,2022-02-26 02:11:20.990
261,a10035,7c975522-79d5-4f99-910e-9d91c6062406,01,2022-03-07,2022-03-07 09:00:00,2022-03-07 18:00:00,1,2022-03-01,1,0,NULL,NULL,NULL,1,NULL,1,afb530ae-a1e7-477c-aab5-9a779603e2d6,2022-02-26 02:11:20.990,afb530ae-a1e7-477c-aab5-9a779603e2d6,2022-02-26 02:11:20.990
262,a10035,5eccf342-10cf-4957-89ee-47901e711f46,01,2022-03-07,2022-03-07 09:00:00,2022-03-07 18:00:00,1,2022-02-27,1,0,NULL,NULL,NULL,1,NULL,1,afb530ae-a1e7-477c-aab5-9a779603e2d6,2022-02-26 02:11:20.990,afb530ae-a1e7-477c-aab5-9a779603e2d6,2022-02-26 02:11:20.990
263,a10035,ba86d707-a4f3-4f4a-9b93-a9d1be3c6b99,01,2022-03-07,2022-03-07 09:00:00,2022-03-07 18:00:00,1,2022-03-03,1,0,NULL,NULL,NULL,1,NULL,1,afb530ae-a1e7-477c-aab5-9a779603e2d6,2022-02-26 02:11:20.990,afb530ae-a1e7-477c-aab5-9a779603e2d6,2022-02-26 02:11:20.990
264,a10035,99f40700-1a9c-4e64-8fdb-ec8ca22b237a,01,2022-03-08,2022-03-08 09:00:00,2022-03-08 18:00:00,1,2022-03-01,1,0,NULL,NULL,NULL,1,NULL,1,afb530ae-a1e7-477c-aab5-9a779603e2d6,2022-02-26 02:11:20.990,afb530ae-a1e7-477c-aab5-9a779603e2d6,2022-02-26 02:11:20.990
265,a10035,dc7407a0-a2f4-442b-9b6e-6e9b5167b923,01,2022-03-08,2022-03-08 09:00:00,2022-03-08 12:00:00,1,2022-03-01,1,0,NULL,NULL,NULL,1,NULL,1,afb530ae-a1e7-477c-aab5-9a779603e2d6,2022-02-26 02:11:20.990,afb530ae-a1e7-477c-aab5-9a779603e2d6,2022-02-26 02:11:20.990
266,a10035,f2b87768-5b03-4cf5-81f4-14358ab0033a,02,2022-03-08,2022-03-08 13:00:00,2022-03-08 18:00:00,1,2022-03-02,1,0,NULL,NULL,NULL,1,NULL,1,afb530ae-a1e7-477c-aab5-9a779603e2d6,2022-02-26 02:11:20.990,afb530ae-a1e7-477c-aab5-9a779603e2d6,2022-02-26 02:11:20.990
267,a10035,ef9722c3-6315-40d6-a41b-8a8c783ada6d,02,2022-03-08,2022-03-08 09:00:00,2022-03-08 18:00:00,1,2022-02-27,1,0,NULL,NULL,NULL,1,NULL,1,afb530ae-a1e7-477c-aab5-9a779603e2d6,2022-02-26 02:11:20.990,afb530ae-a1e7-477c-aab5-9a779603e2d6,2022-02-26 02:11:20.990
268,a10035,e012c687-a79d-4633-a49c-096ee34d6cb2,03,2022-03-08,2022-03-08 09:00:00,2022-03-08 12:00:00,1,2022-03-01,1,0,NULL,NULL,NULL,1,NULL,1,afb530ae-a1e7-477c-aab5-9a779603e2d6,2022-02-26 02:11:20.990,afb530ae-a1e7-477c-aab5-9a779603e2d6,2022-02-26 02:11:20.990
269,a10035,7c975522-79d5-4f99-910e-9d91c6062406,01,2022-03-08,2022-03-08 13:00:00,2022-03-08 18:00:00,1,2022-02-24,1,0,NULL,NULL,NULL,1,NULL,1,afb530ae-a1e7-477c-aab5-9a779603e2d6,2022-02-26 02:11:20.990,afb530ae-a1e7-477c-aab5-9a779603e2d6,2022-02-26 02:11:20.990
270,a10035,ba86d707-a4f3-4f4a-9b93-a9d1be3c6b99,01,2022-03-08,2022-03-08 09:00:00,2022-03-08 18:00:00,1,2022-02-25,1,0,NULL,NULL,NULL,1,NULL,1,afb530ae-a1e7-477c-aab5-9a779603e2d6,2022-02-26 02:11:20.990,afb530ae-a1e7-477c-aab5-9a779603e2d6,2022-02-26 02:11:20.990
271,a10035,21bfff81-2839-4319-865f-ad4e5712acf6,02,2022-03-08,2022-03-08 09:00:00,2022-03-08 18:00:00,1,2022-03-02,1,0,NULL,NULL,NULL,1,NULL,1,afb530ae-a1e7-477c-aab5-9a779603e2d6,2022-02-26 02:11:20.990,afb530ae-a1e7-477c-aab5-9a779603e2d6,2022-02-26 02:11:20.990
272,a10035,f2b87768-5b03-4cf5-81f4-14358ab0033a,01,2022-03-09,2022-03-09 09:00:00,2022-03-09 12:00:00,1,2022-02-28,1,0,NULL,NULL,NULL,1,NULL,1,afb530ae-a1e7-477c-aab5-9a779603e2d6,2022-02-26 02:11:20.990,afb530ae-a1e7-477c-aab5-9a779603e2d6,2022-02-26 02:11:20.990
273,a10035,1b319c86-da22-4d47-9e7c-de2eef7a8b8d,01,2022-03-09,2022-03-09 13:00:00,2022-03-09 18:00:00,1,2022-03-02,1,0,NULL,NULL,NULL,1,NULL,1,afb530ae-a1e7-477c-aab5-9a779603e2d6,2022-02-26 02:11:20.990,afb530ae-a1e7-477c-aab5-9a779603e2d6,2022-02-26 02:11:20.990
274,a10035,dc7407a0-a2f4-442b-9b6e-6e9b5167b923,02,2022-03-09,2022-03-09 09:00:00,2022-03-09 18:00:00,1,2022-03-04,1,0,NULL,NULL,NULL,1,NULL,1,afb530ae-a1e7-477c-aab5-9a779603e2d6,2022-02-26 02:11:20.990,afb530ae-a1e7-477c-aab5-9a779603e2d6,2022-02-26 02:11:20.990
275,a10035,aafa97d0-4e61-414b-8ce8-4a79bc7cf0c3,02,2022-03-09,2022-03-09 09:00:00,2022-03-09 18:00:00,1,2022-03-05,1,0,NULL,NULL,NULL,1,NULL,1,afb530ae-a1e7-477c-aab5-9a779603e2d6,2022-02-26 02:11:20.990,afb530ae-a1e7-477c-aab5-9a779603e2d6,2022-02-26 02:11:20.990
276,a10035,1b319c86-da22-4d47-9e7c-de2eef7a8b8d,02,2022-03-09,2022-03-09 09:00:00,2022-03-09 18:00:00,1,2022-03-01,1,0,NULL,NULL,NULL,1,NULL,1,afb530ae-a1e7-477c-aab5-9a779603e2d6,2022-02-26 02:11:20.990,afb530ae-a1e7-477c-aab5-9a779603e2d6,2022-02-26 02:11:20.990
277,a10035,d6510232-7c27-4927-ac73-5cfd30f945a8,01,2022-03-09,2022-03-09 09:00:00,2022-03-09 12:00:00,1,2022-02-27,1,0,NULL,NULL,NULL,1,NULL,1,afb530ae-a1e7-477c-aab5-9a779603e2d6,2022-02-26 02:11:20.990,afb530ae-a1e7-477c-aab5-9a779603e2d6,2022-02-26 02:11:20.990
278,a10035,bca52f69-0919-422e-b38c-6ad5b0298b1f,01,2022-03-09,2022-03-09 13:00:00,2022-03-09 18:00:00,1,2022-03-04,1,0,NULL,NULL,NULL,1,NULL,1,afb530ae-a1e7-477c-aab5-9a779603e2d6,2022-02-26 02:11:20.990,afb530ae-a1e7-477c-aab5-9a779603e2d6,2022-02-26 02:11:20.990
279,a10035,ba86d707-a4f3-4f4a-9b93-a9d1be3c6b99,01,2022-03-09,2022-03-09 09:00:00,2022-03-09 12:00:00,1,2022-03-04,1,0,NULL,NULL,NULL,1,NULL,1,afb530ae-a1e7-477c-aab5-9a779603e2d6,2022-02-26 02:11:20.990,afb530ae-a1e7-477c-aab5-9a779603e2d6,2022-02-26 02:11:20.990
280,a10035,dc7407a0-a2f4-442b-9b6e-6e9b5167b923,01,2022-03-09,2022-03-09 13:00:00,2022-03-09 18:00:00,1,2022-02-26,1,0,NULL,NULL,NULL,1,NULL,1,afb530ae-a1e7-477c-aab5-9a779603e2d6,2022-02-26 02:11:20.990,afb530ae-a1e7-477c-aab5-9a779603e2d6,2022-02-26 02:11:20.990
281,a10035,5b458671-c0c8-4216-b148-073944411617,02,2022-03-09,2022-03-09 09:00:00,2022-03-09 18:00:00,1,2022-03-02,1,0,NULL,NULL,NULL,1,NULL,1,afb530ae-a1e7-477c-aab5-9a779603e2d6,2022-02-26 02:11:20.990,afb530ae-a1e7-477c-aab5-9a779603e2d6,2022-02-26 02:11:20.990
282,a10035,5b458671-c0c8-4216-b148-073944411617,01,2022-03-09,2022-03-09 09:00:00,2022-03-09 18:00:00,1,2022-03-04,1,0,NULL,NULL,NULL,1,NULL,1,afb530ae-a1e7-477c-aab5-9a779603e2d6,2022-02-26 02:11:20.990,afb530ae-a1e7-477c-aab5-9a779603e2d6,2022-02-26 02:11:20.990
283,a10035,21bfff81-2839-4319-865f-ad4e5712acf6,01,2022-03-09,2022-03-09 09:00:00,2022-03-09 18:00:00,1,2022-02-26,1,0,NULL,NULL,NULL,1,NULL,1,afb530ae-a1e7-477c-aab5-9a779603e2d6,2022-02-26 02:11:20.990,afb530ae-a1e7-477c-aab5-9a779603e2d6,2022-02-26 02:11:20.990
284,a10035,bca52f69-0919-422e-b38c-6ad5b0298b1f,01,2022-03-10,2022-03-10 09:00:00,2022-03-10 18:00:00,1,2022-02-27,1,0,NULL,NULL,NULL,1,NULL,1,afb530ae-a1e7-477c-aab5-9a779603e2d6,2022-02-26 02:11:20.990,afb530ae-a1e7-477c-aab5-9a779603e2d6,2022-02-26 02:11:20.990
285,a10035,5eccf342-10cf-4957-89ee-47901e711f46,01,2022-03-10,2022-03-10 09:00:00,2022-03-10 18:00:00,1,2022-03-06,1,0,NULL,NULL,NULL,1,NULL,1,afb530ae-a1e7-477c-aab5-9a779603e2d6,2022-02-26 02:11:20.990,afb530ae-a1e7-477c-aab5-9a779603e2d6,2022-02-26 02:11:20.990
286,a10035,cbf1f43b-1f42-40c6-b749-abb852553189,03,2022-03-10,2022-03-10 09:00:00,2022-03-10 18:00:00,1,2022-03-05,1,0,NULL,NULL,NULL,1,NULL,1,afb530ae-a1e7-477c-aab5-9a779603e2d6,2022-02-26 02:11:20.990,afb530ae-a1e7-477c-aab5-9a779603e2d6,2022-02-26 02:11:20.990
287,a10035,ea181871-eb1e-4737-873d-0de28a39469b,01,2022-03-10,2022-03-10 09:00:00,2022-03-10 18:00:00,1,2022-02-27,1,0,NULL,NULL,NULL,1,NULL,1,afb530ae-a1e7-477c-aab5-9a779603e2d6,2022-02-26 02:11:20.990,afb530ae-a1e7-477c-aab5-9a779603e2d6,2022-02-26 02:11:20.990
288,a10035,5eccf342-10cf-4957-89ee-47901e711f46,02,2022-03-10,2022-03-10 09:00:00,2022-03-10 18:00:00,1,2022-02-26,1,0,NULL,NULL,NULL,1,NULL,1,afb530ae-a1e7-477c-aab5-9a779603e2d6,2022-02-26 02:11:20.990,afb530ae-a1e7-477c-aab5-9a779603e2d6,2022-02-26 02:11:20.990
289,a10035,e012c687-a79d-4633-a49c-096ee34d6cb2,01,2022-03-10,2022-03-10 09:00:00,2022-03-10 18:00:00,1,2022-03-03,1,0,NULL,NULL,NULL,1,NULL,1,afb530ae-a1e7-477c-aab5-9a779603e2d6,2022-02-26 02:11:20.990,afb530ae-a1e7-477c-aab5-9a779603e2d6,2022-02-26 02:11:20.990
290,a10035,21bfff81-2839-4319-865f-ad4e5712acf6,01,2022-03-10,2022-03-10 09:00:00,2022-03-10 18:00:00,1,2022-03-03,1,0,NULL,NULL,NULL,1,NULL,1,afb530ae-a1e7-477c-aab5-9a779603e2d6,2022-02-26 02:11:20.990,afb530ae-a1e7-477c-aab5-9a779603e2d6,2022-02-26 02:11:20.990
291,a10035,4b7486f8-3244-4a4c-832b-8b8b0c78608a,03,2022-03-10,2022-03-10 09:00:00,2022-03-10 18:00:00,1,2022-02-28,1,0,NULL,NULL,NULL,1,NULL,1,afb530ae-a1e7-477c-aab5-9a779603e2d6,2022-02-26 02:11:20.990,afb530ae-a1e7-477c-aab5-9a779603e2d6,2022-02-26 02:11:20.990
292,a10035,cbf1f43b-1f42-40c6-b749-abb852553189,02,2022-03-10,2022-03-10 09:00:00,2022-03-10 18:00:00,1,2022-03-03,1,0,NULL,NULL,NULL,1,NULL,1,afb530ae-a1e7-477c-aab5-9a779603e2d6,2022-02-26 02:11:20.990,afb530ae-a1e7-477c-aab5-9a779603e2d6,2022-02-26 02:11:20.990
293,a10035,ef9722c3-6315-40d6-a41b-8a8c783ada6d,02,2022-03-11,2022-03-11 09:00:00,2022-03-11 18:00:00,1,2022-03-03,1,0,NULL,NULL,NULL,1,NULL,1,afb530ae-a1e7-477c-aab5-9a779603e2d6,2022-02-26 02:11:20.990,afb530ae-a1e7-477c-aab5-9a779603e2d6,2022-02-26 02:11:20.990
294,a10035,e012c687-a79d-4633-a49c-096ee34d6cb2,02,2022-03-11,2022-03-11 09:00:00,2022-03-11 12:00:00,1,2022-03-03,1,0,NULL,NULL,NULL,1,NULL,1,afb530ae-a1e7-477c-aab5-9a779603e2d6,2022-02-26 02:11:20.990,afb530ae-a1e7-477c-aab5-9a779603e2d6,2022-02-26 02:11:20.990
295,a10035,e14243c0-7c9a-4019-8ae9-13ceee6ceb2c,01,2022-03-11,2022-03-11 13:00:00,2022-03-11 18:00:00,1,2022-03-07,1,0,NULL,NULL,NULL,1,NULL,1,afb530ae-a1e7-477c-aab5-9a779603e2d6,2022-02-26 02:11:20.990,afb530ae-a1e7-477c-aab5-9a779603e2d6,2022-02-26 02:11:20.990
296,a10035,5b458671-c0c8-4216-b148-073944411617,02,2022-03-11,2022-03-11 09:00:00,2022-03-11 18:00:00,1,2022-03-01,1,0,NULL,NULL,NULL,1,NULL,1,afb530ae-a1e7-477c-aab5-9a779603e2d6,2022-02-26 02:11:20.990,afb530ae-a1e7-477c-aab5-9a779603e2d6,2022-02-26 02:11:20.990
297,a10035,4b7486f8-3244-4a4c-832b-8b8b0c78608a,03,2022-03-11,2022-03-11 09:00:00,2022-03-11 12:00:00,1,2022-03-03,1,0,NULL,NULL,NULL,1,NULL,1,afb530ae-a1e7-477c-aab5-9a779603e2d6,2022-02-26 02:11:20.990,afb530ae-a1e7-477c-aab5-9a779603e2d6,2022-02-26 02:11:20.990
298,a10035,21bfff81-2839-4319-865f-ad4e5712acf6,01,2022-03-11,2022-03-11 13:00:00,2022-03-11 18:00:00,1,2022-03-04,1,0,NULL,NULL,NULL,1,NULL,1,afb530ae-a1e7-477c-aab5-9a779603e2d6,2022-02-26 02:11:20.990,afb530ae-a1e7-477c-aab5-9a779603e2d6,2022-02-26 02:11:20.990
299,a10035,5eccf342-10cf-4957-89ee-47901e711f46,02,2022-03-11,2022-03-11 09:00:00,2022-03-11 18:00:00,1,2022-03-06,1,0,NULL,NULL,NULL,1,NULL,1,afb530ae-a1e7-477c-aab5-9a779603e2d6,2022-02-26 02:11:20.990,afb530ae-a1e7-477c-aab5-9a779603e2d6,2022-02-26 02:11:20.990
300,a10035,bca52f69-0919-422e-b38c-6ad5b0298b1f,01,2022-03-14,2022-03-14 09:00:00,2022-03-14 18:00:00,1,2022-03-09,1,0,NULL,NULL,NULL,1,NULL,1,afb530ae-a1e7-477c-aab5-9a779603e2d6,2022-02-26 02:11:20.990,afb530ae-a1e7-477c-aab5-9a779603e2d6,2022-02-26 02:11:20.990
301,a10035,5b458671-c0c8-4216-b148-073944411617,02,2022-03-14,2022-03-14 09:00:00,2022-03-14 18:00:00,1,2022-03-08,1,0,NULL,NULL,NULL,1,NULL,1,afb530ae-a1e7-477c-aab5-9a779603e2d6,2022-02-26 02:11:20.990,afb530ae-a1e7-477c-aab5-9a779603e2d6,2022-02-26 02:11:20.990
302,a10035,ea181871-eb1e-4737-873d-0de28a39469b,01,2022-03-14,2022-03-14 09:00:00,2022-03-14 12:00:00,1,2022-03-06,1,0,NULL,NULL,NULL,1,NULL,1,afb530ae-a1e7-477c-aab5-9a779603e2d6,2022-02-26 02:11:20.990,afb530ae-a1e7-477c-aab5-9a779603e2d6,2022-02-26 02:11:20.990
303,a10035,ac8e28a2-0bcc-4d37-a620-7defb7d4c693,01,2022-03-14,2022-03-14 13:00:00,2022-03-14 18:00:00,1,2022-03-07,1,0,NULL,NULL,NULL,1,NULL,1,afb530ae-a1e7-477c-aab5-9a779603e2d6,2022-02-26 02:11:20.990,afb530ae-a1e7-477c-aab5-9a779603e2d6,2022-02-26 02:11:20.990
304,a10035,1a7a20c6-541e-4e4a-88f8-75b8c22aa156,02,2022-03-14,2022-03-14 09:00:00,2022-03-14 18:00:00,1,2022-03-10,1,0,NULL,NULL,NULL,1,NULL,1,afb530ae-a1e7-477c-aab5-9a779603e2d6,2022-02-26 02:11:20.990,afb530ae-a1e7-477c-aab5-9a779603e2d6,2022-02-26 02:11:20.990
305,a10035,dc7407a0-a2f4-442b-9b6e-6e9b5167b923,01,2022-03-14,2022-03-14 09:00:00,2022-03-14 18:00:00,1,2022-03-04,1,0,NULL,NULL,NULL,1,NULL,1,afb530ae-a1e7-477c-aab5-9a779603e2d6,2022-02-26 02:11:20.990,afb530ae-a1e7-477c-aab5-9a779603e2d6,2022-02-26 02:11:20.990
306,a10035,cdc80ca0-97ee-470f-bb57-3e2928e3c4de,01,2022-03-14,2022-03-14 09:00:00,2022-03-14 18:00:00,1,2022-03-06,1,0,NULL,NULL,NULL,1,NULL,1,afb530ae-a1e7-477c-aab5-9a779603e2d6,2022-02-26 02:11:20.990,afb530ae-a1e7-477c-aab5-9a779603e2d6,2022-02-26 02:11:20.990
307,a10035,4b7486f8-3244-4a4c-832b-8b8b0c78608a,03,2022-03-14,2022-03-14 09:00:00,2022-03-14 18:00:00,1,2022-03-07,1,0,NULL,NULL,NULL,1,NULL,1,afb530ae-a1e7-477c-aab5-9a779603e2d6,2022-02-26 02:11:20.990,afb530ae-a1e7-477c-aab5-9a779603e2d6,2022-02-26 02:11:20.990
308,a10035,aafa97d0-4e61-414b-8ce8-4a79bc7cf0c3,01,2022-03-14,2022-03-14 09:00:00,2022-03-14 18:00:00,1,2022-03-05,1,0,NULL,NULL,NULL,1,NULL,1,afb530ae-a1e7-477c-aab5-9a779603e2d6,2022-02-26 02:11:20.990,afb530ae-a1e7-477c-aab5-9a779603e2d6,2022-02-26 02:11:20.990
309,a10035,f2b87768-5b03-4cf5-81f4-14358ab0033a,02,2022-03-14,2022-03-14 09:00:00,2022-03-14 18:00:00,1,2022-03-02,1,0,NULL,NULL,NULL,1,NULL,1,afb530ae-a1e7-477c-aab5-9a779603e2d6,2022-02-26 02:11:20.990,afb530ae-a1e7-477c-aab5-9a779603e2d6,2022-02-26 02:11:20.990
310,a10035,bca52f69-0919-422e-b38c-6ad5b0298b1f,01,2022-03-15,2022-03-15 09:00:00,2022-03-15 18:00:00,1,2022-03-05,1,0,NULL,NULL,NULL,1,NULL,1,afb530ae-a1e7-477c-aab5-9a779603e2d6,2022-02-26 02:11:20.990,afb530ae-a1e7-477c-aab5-9a779603e2d6,2022-02-26 02:11:20.990
311,a10035,ea181871-eb1e-4737-873d-0de28a39469b,01,2022-03-15,2022-03-15 09:00:00,2022-03-15 18:00:00,1,2022-03-10,1,0,NULL,NULL,NULL,1,NULL,1,afb530ae-a1e7-477c-aab5-9a779603e2d6,2022-02-26 02:11:20.990,afb530ae-a1e7-477c-aab5-9a779603e2d6,2022-02-26 02:11:20.990
312,a10035,aafa97d0-4e61-414b-8ce8-4a79bc7cf0c3,02,2022-03-15,2022-03-15 09:00:00,2022-03-15 18:00:00,1,2022-03-10,1,0,NULL,NULL,NULL,1,NULL,1,afb530ae-a1e7-477c-aab5-9a779603e2d6,2022-02-26 02:11:20.990,afb530ae-a1e7-477c-aab5-9a779603e2d6,2022-02-26 02:11:20.990
313,a10035,21bfff81-2839-4319-865f-ad4e5712acf6,01,2022-03-15,2022-03-15 09:00:00,2022-03-15 18:00:00,1,2022-03-06,1,0,NULL,NULL,NULL,1,NULL,1,afb530ae-a1e7-477c-aab5-9a779603e2d6,2022-02-26 02:11:20.990,afb530ae-a1e7-477c-aab5-9a779603e2d6,2022-02-26 02:11:20.990
314,a10035,1a7a20c6-541e-4e4a-88f8-75b8c22aa156,02,2022-03-15,2022-03-15 09:00:00,2022-03-15 18:00:00,1,2022-03-08,1,0,NULL,NULL,NULL,1,NULL,1,afb530ae-a1e7-477c-aab5-9a779603e2d6,2022-02-26 02:11:20.990,afb530ae-a1e7-477c-aab5-9a779603e2d6,2022-02-26 02:11:20.990
315,a10035,dc7407a0-a2f4-442b-9b6e-6e9b5167b923,01,2022-03-15,2022-03-15 09:00:00,2022-03-15 18:00:00,1,2022-03-06,1,0,NULL,NULL,NULL,1,NULL,1,afb530ae-a1e7-477c-aab5-9a779603e2d6,2022-02-26 02:11:20.990,afb530ae-a1e7-477c-aab5-9a779603e2d6,2022-02-26 02:11:20.990
316,a10035,cbf1f43b-1f42-40c6-b749-abb852553189,02,2022-03-16,2022-03-16 09:00:00,2022-03-16 12:00:00,1,2022-03-06,1,0,NULL,NULL,NULL,1,NULL,1,afb530ae-a1e7-477c-aab5-9a779603e2d6,2022-02-26 02:11:20.990,afb530ae-a1e7-477c-aab5-9a779603e2d6,2022-02-26 02:11:20.990
317,a10035,f2b87768-5b03-4cf5-81f4-14358ab0033a,02,2022-03-16,2022-03-16 13:00:00,2022-03-16 18:00:00,1,2022-03-05,1,0,NULL,NULL,NULL,1,NULL,1,afb530ae-a1e7-477c-aab5-9a779603e2d6,2022-02-26 02:11:20.990,afb530ae-a1e7-477c-aab5-9a779603e2d6,2022-02-26 02:11:20.990
318,a10035,cdc80ca0-97ee-470f-bb57-3e2928e3c4de,02,2022-03-16,2022-03-16 09:00:00,2022-03-16 18:00:00,1,2022-03-07,1,0,NULL,NULL,NULL,1,NULL,1,afb530ae-a1e7-477c-aab5-9a779603e2d6,2022-02-26 02:11:20.990,afb530ae-a1e7-477c-aab5-9a779603e2d6,2022-02-26 02:11:20.990
319,a10035,dc7407a0-a2f4-442b-9b6e-6e9b5167b923,02,2022-03-16,2022-03-16 09:00:00,2022-03-16 18:00:00,1,2022-03-10,1,0,NULL,NULL,NULL,1,NULL,1,afb530ae-a1e7-477c-aab5-9a779603e2d6,2022-02-26 02:11:20.990,afb530ae-a1e7-477c-aab5-9a779603e2d6,2022-02-26 02:11:20.990
320,a10035,1b319c86-da22-4d47-9e7c-de2eef7a8b8d,02,2022-03-16,2022-03-16 09:00:00,2022-03-16 18:00:00,1,2022-03-10,1,0,NULL,NULL,NULL,1,NULL,1,afb530ae-a1e7-477c-aab5-9a779603e2d6,2022-02-26 02:11:20.990,afb530ae-a1e7-477c-aab5-9a779603e2d6,2022-02-26 02:11:20.990
321,a10035,1a7a20c6-541e-4e4a-88f8-75b8c22aa156,02,2022-03-16,2022-03-16 09:00:00,2022-03-16 18:00:00,1,2022-03-04,1,0,NULL,NULL,NULL,1,NULL,1,afb530ae-a1e7-477c-aab5-9a779603e2d6,2022-02-26 02:11:20.990,afb530ae-a1e7-477c-aab5-9a779603e2d6,2022-02-26 02:11:20.990
322,a10035,1a7a20c6-541e-4e4a-88f8-75b8c22aa156,02,2022-03-17,2022-03-17 09:00:00,2022-03-17 18:00:00,1,2022-03-07,1,0,NULL,NULL,NULL,1,NULL,1,afb530ae-a1e7-477c-aab5-9a779603e2d6,2022-02-26 02:11:20.990,afb530ae-a1e7-477c-aab5-9a779603e2d6,2022-02-26 02:11:20.990
323,a10035,e012c687-a79d-4633-a49c-096ee34d6cb2,03,2022-03-17,2022-03-17 09:00:00,2022-03-17 12:00:00,1,2022-03-12,1,0,NULL,NULL,NULL,1,NULL,1,afb530ae-a1e7-477c-aab5-9a779603e2d6,2022-02-26 02:11:20.990,afb530ae-a1e7-477c-aab5-9a779603e2d6,2022-02-26 02:11:20.990
324,a10035,4b7486f8-3244-4a4c-832b-8b8b0c78608a,03,2022-03-17,2022-03-17 13:00:00,2022-03-17 18:00:00,1,2022-03-07,1,0,NULL,NULL,NULL,1,NULL,1,afb530ae-a1e7-477c-aab5-9a779603e2d6,2022-02-26 02:11:20.990,afb530ae-a1e7-477c-aab5-9a779603e2d6,2022-02-26 02:11:20.990
325,a10035,ba86d707-a4f3-4f4a-9b93-a9d1be3c6b99,01,2022-03-17,2022-03-17 09:00:00,2022-03-17 18:00:00,1,2022-03-08,1,0,NULL,NULL,NULL,1,NULL,1,afb530ae-a1e7-477c-aab5-9a779603e2d6,2022-02-26 02:11:20.990,afb530ae-a1e7-477c-aab5-9a779603e2d6,2022-02-26 02:11:20.990
326,a10035,dc7407a0-a2f4-442b-9b6e-6e9b5167b923,02,2022-03-17,2022-03-17 09:00:00,2022-03-17 18:00:00,1,2022-03-11,1,0,NULL,NULL,NULL,1,NULL,1,afb530ae-a1e7-477c-aab5-9a779603e2d6,2022-02-26 02:11:20.990,afb530ae-a1e7-477c-aab5-9a779603e2d6,2022-02-26 02:11:20.990
327,a10035,5eccf342-10cf-4957-89ee-47901e711f46,01,2022-03-17,2022-03-17 09:00:00,2022-03-17 12:00:00,1,2022-03-11,1,0,NULL,NULL,NULL,1,NULL,1,afb530ae-a1e7-477c-aab5-9a779603e2d6,2022-02-26 02:11:20.990,afb530ae-a1e7-477c-aab5-9a779603e2d6,2022-02-26 02:11:20.990
328,a10035,e012c687-a79d-4633-a49c-096ee34d6cb2,01,2022-03-17,2022-03-17 13:00:00,2022-03-17 18:00:00,1,2022-03-07,1,0,NULL,NULL,NULL,1,NULL,1,afb530ae-a1e7-477c-aab5-9a779603e2d6,2022-02-26 02:11:20.990,afb530ae-a1e7-477c-aab5-9a779603e2d6,2022-02-26 02:11:20.990
329,a10035,cbf1f43b-1f42-40c6-b749-abb852553189,01,2022-03-17,2022-03-17 09:00:00,2022-03-17 18:00:00,1,2022-03-12,1,0,NULL,NULL,NULL,1,NULL,1,afb530ae-a1e7-477c-aab5-9a779603e2d6,2022-02-26 02:11:20.990,afb530ae-a1e7-477c-aab5-9a779603e2d6,2022-02-26 02:11:20.990
330,a10035,21bfff81-2839-4319-865f-ad4e5712acf6,02,2022-03-17,2022-03-17 09:00:00,2022-03-17 18:00:00,1,2022-03-06,1,0,NULL,NULL,NULL,1,NULL,1,afb530ae-a1e7-477c-aab5-9a779603e2d6,2022-02-26 02:11:20.990,afb530ae-a1e7-477c-aab5-9a779603e2d6,2022-02-26 02:11:20.990
331,a10035,5c9e01e5-1461-42b2-8cc4-54ed8b2c78ef,01,2022-03-17,2022-03-17 09:00:00,2022-03-17 18:00:00,1,2022-03-05,1,0,NULL,NULL,NULL,1,NULL,1,afb530ae-a1e7-477c-aab5-9a779603e2d6,2022-02-26 02:11:20.990,afb530ae-a1e7-477c-aab5-9a779603e2d6,2022-02-26 02:11:20.990
332,a10035,dc7407a0-a2f4-442b-9b6e-6e9b5167b923,03,2022-03-17,2022-03-17 09:00:00,2022-03-17 18:00:00,1,2022-03-11,1,0,NULL,NULL,NULL,1,NULL,1,afb530ae-a1e7-477c-aab5-9a779603e2d6,2022-02-26 02:11:20.990,afb530ae-a1e7-477c-aab5-9a779603e2d6,2022-02-26 02:11:20.990
333,a10035,5c9e01e5-1461-42b2-8cc4-54ed8b2c78ef,01,2022-03-18,2022-03-18 09:00:00,2022-03-18 18:00:00,1,2022-03-13,1,0,NULL,NULL,NULL,1,NULL,1,afb530ae-a1e7-477c-aab5-9a779603e2d6,2022-02-26 02:11:20.990,afb530ae-a1e7-477c-aab5-9a779603e2d6,2022-02-26 02:11:20.990
334,a10035,e012c687-a79d-4633-a49c-096ee34d6cb2,03,2022-03-18,2022-03-18 09:00:00,2022-03-18 18:00:00,1,2022-03-13,1,0,NULL,NULL,NULL,1,NULL,1,afb530ae-a1e7-477c-aab5-9a779603e2d6,2022-02-26 02:11:20.990,afb530ae-a1e7-477c-aab5-9a779603e2d6,2022-02-26 02:11:20.990
335,a10035,21bfff81-2839-4319-865f-ad4e5712acf6,01,2022-03-18,2022-03-18 09:00:00,2022-03-18 12:00:00,1,2022-03-13,1,0,NULL,NULL,NULL,1,NULL,1,afb530ae-a1e7-477c-aab5-9a779603e2d6,2022-02-26 02:11:20.990,afb530ae-a1e7-477c-aab5-9a779603e2d6,2022-02-26 02:11:20.990
336,a10035,cdc80ca0-97ee-470f-bb57-3e2928e3c4de,02,2022-03-18,2022-03-18 13:00:00,2022-03-18 18:00:00,1,2022-03-12,1,0,NULL,NULL,NULL,1,NULL,1,afb530ae-a1e7-477c-aab5-9a779603e2d6,2022-02-26 02:11:20.990,afb530ae-a1e7-477c-aab5-9a779603e2d6,2022-02-26 02:11:20.990
337,a10035,4b7486f8-3244-4a4c-832b-8b8b0c78608a,02,2022-03-18,2022-03-18 09:00:00,2022-03-18 12:00:00,1,2022-03-07,1,0,NULL,NULL,NULL,1,NULL,1,afb530ae-a1e7-477c-aab5-9a779603e2d6,2022-02-26 02:11:20.990,afb530ae-a1e7-477c-aab5-9a779603e2d6,2022-02-26 02:11:20.990
338,a10035,5b458671-c0c8-4216-b148-073944411617,02,2022-03-18,2022-03-18 13:00:00,2022-03-18 18:00:00,1,2022-03-06,1,0,NULL,NULL,NULL,1,NULL,1,afb530ae-a1e7-477c-aab5-9a779603e2d6,2022-02-26 02:11:20.990,afb530ae-a1e7-477c-aab5-9a779603e2d6,2022-02-26 02:11:20.990
339,a10035,dc7407a0-a2f4-442b-9b6e-6e9b5167b923,02,2022-03-18,2022-03-18 09:00:00,2022-03-18 12:00:00,1,2022-03-08,1,0,NULL,NULL,NULL,1,NULL,1,afb530ae-a1e7-477c-aab5-9a779603e2d6,2022-02-26 02:11:20.990,afb530ae-a1e7-477c-aab5-9a779603e2d6,2022-02-26 02:11:20.990
340,a10035,21bfff81-2839-4319-865f-ad4e5712acf6,02,2022-03-18,2022-03-18 13:00:00,2022-03-18 18:00:00,1,2022-03-13,1,0,NULL,NULL,NULL,1,NULL,1,afb530ae-a1e7-477c-aab5-9a779603e2d6,2022-02-26 02:11:20.990,afb530ae-a1e7-477c-aab5-9a779603e2d6,2022-02-26 02:11:20.990
341,a10035,99f40700-1a9c-4e64-8fdb-ec8ca22b237a,01,2022-03-18,2022-03-18 09:00:00,2022-03-18 18:00:00,1,2022-03-10,1,0,NULL,NULL,NULL,1,NULL,1,afb530ae-a1e7-477c-aab5-9a779603e2d6,2022-02-26 02:11:20.990,afb530ae-a1e7-477c-aab5-9a779603e2d6,2022-02-26 02:11:20.990
342,a10035,cbf1f43b-1f42-40c6-b749-abb852553189,02,2022-03-18,2022-03-18 09:00:00,2022-03-18 18:00:00,1,2022-03-14,1,0,NULL,NULL,NULL,1,NULL,1,afb530ae-a1e7-477c-aab5-9a779603e2d6,2022-02-26 02:11:20.990,afb530ae-a1e7-477c-aab5-9a779603e2d6,2022-02-26 02:11:20.990
343,a10035,401a2b27-c189-40f1-b34a-ac0b6cb7a55a,01,2022-03-18,2022-03-18 09:00:00,2022-03-18 12:00:00,1,2022-03-13,1,0,NULL,NULL,NULL,1,NULL,1,afb530ae-a1e7-477c-aab5-9a779603e2d6,2022-02-26 02:11:20.990,afb530ae-a1e7-477c-aab5-9a779603e2d6,2022-02-26 02:11:20.990
344,a10035,ba86d707-a4f3-4f4a-9b93-a9d1be3c6b99,01,2022-03-18,2022-03-18 13:00:00,2022-03-18 18:00:00,1,2022-03-07,1,0,NULL,NULL,NULL,1,NULL,1,afb530ae-a1e7-477c-aab5-9a779603e2d6,2022-02-26 02:11:20.990,afb530ae-a1e7-477c-aab5-9a779603e2d6,2022-02-26 02:11:20.990
345,a10035,ba86d707-a4f3-4f4a-9b93-a9d1be3c6b99,01,2022-03-22,2022-03-22 09:00:00,2022-03-22 12:00:00,1,2022-03-13,1,0,NULL,NULL,NULL,1,NULL,1,afb530ae-a1e7-477c-aab5-9a779603e2d6,2022-02-26 02:11:20.990,afb530ae-a1e7-477c-aab5-9a779603e2d6,2022-02-26 02:11:20.990
346,a10035,096129b3-71e4-498d-b1fe-7b11835a3bc7,01,2022-03-22,2022-03-22 13:00:00,2022-03-22 18:00:00,1,2022-03-14,1,0,NULL,NULL,NULL,1,NULL,1,afb530ae-a1e7-477c-aab5-9a779603e2d6,2022-02-26 02:11:20.990,afb530ae-a1e7-477c-aab5-9a779603e2d6,2022-02-26 02:11:20.990
347,a10035,1a7a20c6-541e-4e4a-88f8-75b8c22aa156,02,2022-03-22,2022-03-22 09:00:00,2022-03-22 18:00:00,1,2022-03-17,0,0,NULL,NULL,NULL,1,NULL,1,afb530ae-a1e7-477c-aab5-9a779603e2d6,2022-02-26 02:15:43.092,afb530ae-a1e7-477c-aab5-9a779603e2d6,2022-02-26 02:15:43.092
348,a10035,5eccf342-10cf-4957-89ee-47901e711f46,02,2022-03-23,2022-03-23 09:00:00,2022-03-23 12:00:00,1,2022-03-12,1,0,NULL,NULL,NULL,1,NULL,1,afb530ae-a1e7-477c-aab5-9a779603e2d6,2022-02-26 02:11:20.990,afb530ae-a1e7-477c-aab5-9a779603e2d6,2022-02-26 02:11:20.990
349,a10035,cbf1f43b-1f42-40c6-b749-abb852553189,01,2022-03-23,2022-03-23 13:00:00,2022-03-23 18:00:00,1,2022-03-15,0,0,NULL,NULL,NULL,1,NULL,1,afb530ae-a1e7-477c-aab5-9a779603e2d6,2022-02-26 02:15:43.092,afb530ae-a1e7-477c-aab5-9a779603e2d6,2022-02-26 02:15:43.092
350,a10035,e14243c0-7c9a-4019-8ae9-13ceee6ceb2c,01,2022-03-23,2022-03-23 09:00:00,2022-03-23 12:00:00,1,2022-03-14,1,0,NULL,NULL,NULL,1,NULL,1,afb530ae-a1e7-477c-aab5-9a779603e2d6,2022-02-26 02:11:20.990,afb530ae-a1e7-477c-aab5-9a779603e2d6,2022-02-26 02:11:20.990
351,a10035,cbf1f43b-1f42-40c6-b749-abb852553189,03,2022-03-23,2022-03-23 13:00:00,2022-03-23 18:00:00,1,2022-03-16,0,0,NULL,NULL,NULL,1,NULL,1,afb530ae-a1e7-477c-aab5-9a779603e2d6,2022-02-26 02:15:43.092,afb530ae-a1e7-477c-aab5-9a779603e2d6,2022-02-26 02:15:43.092
352,a10035,1b319c86-da22-4d47-9e7c-de2eef7a8b8d,02,2022-03-23,2022-03-23 09:00:00,2022-03-23 18:00:00,1,2022-03-15,1,0,NULL,NULL,NULL,1,NULL,1,afb530ae-a1e7-477c-aab5-9a779603e2d6,2022-02-26 02:11:20.990,afb530ae-a1e7-477c-aab5-9a779603e2d6,2022-02-26 02:11:20.990
353,a10035,7c975522-79d5-4f99-910e-9d91c6062406,01,2022-03-24,2022-03-24 09:00:00,2022-03-24 18:00:00,1,2022-03-16,1,0,NULL,NULL,NULL,1,NULL,1,afb530ae-a1e7-477c-aab5-9a779603e2d6,2022-02-26 02:11:20.990,afb530ae-a1e7-477c-aab5-9a779603e2d6,2022-02-26 02:11:20.990
354,a10035,ef9722c3-6315-40d6-a41b-8a8c783ada6d,02,2022-03-24,2022-03-24 09:00:00,2022-03-24 12:00:00,1,2022-03-12,0,0,NULL,NULL,NULL,1,NULL,1,afb530ae-a1e7-477c-aab5-9a779603e2d6,2022-02-26 02:15:43.092,afb530ae-a1e7-477c-aab5-9a779603e2d6,2022-02-26 02:15:43.092
355,a10035,aafa97d0-4e61-414b-8ce8-4a79bc7cf0c3,01,2022-03-24,2022-03-24 13:00:00,2022-03-24 18:00:00,1,2022-03-19,0,0,NULL,NULL,NULL,1,NULL,1,afb530ae-a1e7-477c-aab5-9a779603e2d6,2022-02-26 02:15:43.092,afb530ae-a1e7-477c-aab5-9a779603e2d6,2022-02-26 02:15:43.092
356,a10035,21bfff81-2839-4319-865f-ad4e5712acf6,03,2022-03-24,2022-03-24 09:00:00,2022-03-24 18:00:00,1,2022-03-19,1,0,NULL,NULL,NULL,1,NULL,1,afb530ae-a1e7-477c-aab5-9a779603e2d6,2022-02-26 02:11:20.990,afb530ae-a1e7-477c-aab5-9a779603e2d6,2022-02-26 02:11:20.990
357,a10035,dc7407a0-a2f4-442b-9b6e-6e9b5167b923,01,2022-03-24,2022-03-24 09:00:00,2022-03-24 12:00:00,1,2022-03-17,1,0,NULL,NULL,NULL,1,NULL,1,afb530ae-a1e7-477c-aab5-9a779603e2d6,2022-02-26 02:11:20.990,afb530ae-a1e7-477c-aab5-9a779603e2d6,2022-02-26 02:11:20.990
358,a10035,ef9722c3-6315-40d6-a41b-8a8c783ada6d,01,2022-03-24,2022-03-24 13:00:00,2022-03-24 18:00:00,1,2022-03-12,1,0,NULL,NULL,NULL,1,NULL,1,afb530ae-a1e7-477c-aab5-9a779603e2d6,2022-02-26 02:11:20.990,afb530ae-a1e7-477c-aab5-9a779603e2d6,2022-02-26 02:11:20.990
359,a10035,99f40700-1a9c-4e64-8fdb-ec8ca22b237a,01,2022-03-24,2022-03-24 09:00:00,2022-03-24 18:00:00,1,2022-03-15,0,0,NULL,NULL,NULL,1,NULL,1,afb530ae-a1e7-477c-aab5-9a779603e2d6,2022-02-26 02:15:43.092,afb530ae-a1e7-477c-aab5-9a779603e2d6,2022-02-26 02:15:43.092
360,a10035,5c9e01e5-1461-42b2-8cc4-54ed8b2c78ef,01,2022-03-25,2022-03-25 09:00:00,2022-03-25 18:00:00,1,2022-03-15,1,0,NULL,NULL,NULL,1,NULL,1,afb530ae-a1e7-477c-aab5-9a779603e2d6,2022-02-26 02:11:20.990,afb530ae-a1e7-477c-aab5-9a779603e2d6,2022-02-26 02:11:20.990
361,a10035,cbf1f43b-1f42-40c6-b749-abb852553189,02,2022-03-25,2022-03-25 09:00:00,2022-03-25 18:00:00,1,2022-03-21,1,0,NULL,NULL,NULL,1,NULL,1,afb530ae-a1e7-477c-aab5-9a779603e2d6,2022-02-26 02:11:20.990,afb530ae-a1e7-477c-aab5-9a779603e2d6,2022-02-26 02:11:20.990
362,a10035,ac8e28a2-0bcc-4d37-a620-7defb7d4c693,01,2022-03-28,2022-03-28 09:00:00,2022-03-28 18:00:00,1,2022-03-17,0,0,NULL,NULL,NULL,1,NULL,1,afb530ae-a1e7-477c-aab5-9a779603e2d6,2022-02-26 02:15:43.092,afb530ae-a1e7-477c-aab5-9a779603e2d6,2022-02-26 02:15:43.092
363,a10035,ea181871-eb1e-4737-873d-0de28a39469b,02,2022-03-28,2022-03-28 09:00:00,2022-03-28 18:00:00,1,2022-03-16,1,0,NULL,NULL,NULL,1,NULL,1,afb530ae-a1e7-477c-aab5-9a779603e2d6,2022-02-26 02:11:20.990,afb530ae-a1e7-477c-aab5-9a779603e2d6,2022-02-26 02:11:20.990
364,a10035,1b319c86-da22-4d47-9e7c-de2eef7a8b8d,03,2022-03-28,2022-03-28 10:00:00,2022-03-28 13:00:00,1,2022-03-16,1,0,NULL,NULL,NULL,1,NULL,1,afb530ae-a1e7-477c-aab5-9a779603e2d6,2022-02-26 02:11:20.990,afb530ae-a1e7-477c-aab5-9a779603e2d6,2022-02-26 02:11:20.990
365,a10035,5eccf342-10cf-4957-89ee-47901e711f46,02,2022-03-28,2022-03-28 14:00:00,2022-03-28 17:00:00,1,2022-03-16,1,0,NULL,NULL,NULL,1,NULL,1,afb530ae-a1e7-477c-aab5-9a779603e2d6,2022-02-26 02:11:20.990,afb530ae-a1e7-477c-aab5-9a779603e2d6,2022-02-26 02:11:20.990
366,a10035,d6510232-7c27-4927-ac73-5cfd30f945a8,01,2022-03-28,2022-03-28 09:00:00,2022-03-28 18:00:00,1,2022-03-20,1,0,NULL,NULL,NULL,1,NULL,1,afb530ae-a1e7-477c-aab5-9a779603e2d6,2022-02-26 02:11:20.990,afb530ae-a1e7-477c-aab5-9a779603e2d6,2022-02-26 02:11:20.990
367,a10035,5eccf342-10cf-4957-89ee-47901e711f46,01,2022-03-28,2022-03-28 09:00:00,2022-03-28 18:00:00,1,2022-03-19,1,0,NULL,NULL,NULL,1,NULL,1,afb530ae-a1e7-477c-aab5-9a779603e2d6,2022-02-26 02:11:20.990,afb530ae-a1e7-477c-aab5-9a779603e2d6,2022-02-26 02:11:20.990
368,a10035,cdc80ca0-97ee-470f-bb57-3e2928e3c4de,01,2022-03-29,2022-03-29 10:00:00,2022-03-29 13:00:00,1,2022-03-25,1,0,NULL,NULL,NULL,1,NULL,1,afb530ae-a1e7-477c-aab5-9a779603e2d6,2022-02-26 02:11:20.990,afb530ae-a1e7-477c-aab5-9a779603e2d6,2022-02-26 02:11:20.990
369,a10035,126c81ab-067f-4c93-804d-377134cc465f,01,2022-03-29,2022-03-29 14:00:00,2022-03-29 17:00:00,1,2022-03-18,1,0,NULL,NULL,NULL,1,NULL,1,afb530ae-a1e7-477c-aab5-9a779603e2d6,2022-02-26 02:11:20.990,afb530ae-a1e7-477c-aab5-9a779603e2d6,2022-02-26 02:11:20.990
370,a10035,ea181871-eb1e-4737-873d-0de28a39469b,02,2022-03-29,2022-03-29 09:00:00,2022-03-29 18:00:00,1,2022-03-25,1,0,NULL,NULL,NULL,1,NULL,1,afb530ae-a1e7-477c-aab5-9a779603e2d6,2022-02-26 02:11:20.990,afb530ae-a1e7-477c-aab5-9a779603e2d6,2022-02-26 02:11:20.990
371,a10035,21bfff81-2839-4319-865f-ad4e5712acf6,01,2022-03-30,2022-03-30 09:00:00,2022-03-30 18:00:00,1,2022-03-26,1,0,NULL,NULL,NULL,1,NULL,1,afb530ae-a1e7-477c-aab5-9a779603e2d6,2022-02-26 02:11:20.990,afb530ae-a1e7-477c-aab5-9a779603e2d6,2022-02-26 02:11:20.990
372,a10035,e012c687-a79d-4633-a49c-096ee34d6cb2,03,2022-03-30,2022-03-30 09:00:00,2022-03-30 18:00:00,1,2022-03-19,1,0,NULL,NULL,NULL,1,NULL,1,afb530ae-a1e7-477c-aab5-9a779603e2d6,2022-02-26 02:11:20.990,afb530ae-a1e7-477c-aab5-9a779603e2d6,2022-02-26 02:11:20.990
373,a10035,21bfff81-2839-4319-865f-ad4e5712acf6,02,2022-03-30,2022-03-30 09:00:00,2022-03-30 18:00:00,1,2022-03-18,1,0,NULL,NULL,NULL,1,NULL,1,afb530ae-a1e7-477c-aab5-9a779603e2d6,2022-02-26 02:11:20.990,afb530ae-a1e7-477c-aab5-9a779603e2d6,2022-02-26 02:11:20.990
374,a10035,ac8e28a2-0bcc-4d37-a620-7defb7d4c693,01,2022-03-31,2022-03-31 09:00:00,2022-03-31 18:00:00,1,2022-03-19,1,0,NULL,NULL,NULL,1,NULL,1,afb530ae-a1e7-477c-aab5-9a779603e2d6,2022-02-26 02:11:20.990,afb530ae-a1e7-477c-aab5-9a779603e2d6,2022-02-26 02:11:20.990
375,a10035,ea181871-eb1e-4737-873d-0de28a39469b,01,2022-03-31,2022-03-31 09:00:00,2022-03-31 18:00:00,1,2022-03-25,1,0,NULL,NULL,NULL,1,NULL,1,afb530ae-a1e7-477c-aab5-9a779603e2d6,2022-02-26 02:11:20.990,afb530ae-a1e7-477c-aab5-9a779603e2d6,2022-02-26 02:11:20.990
376,a10035,ef9722c3-6315-40d6-a41b-8a8c783ada6d,02,2022-03-31,2022-03-31 10:00:00,2022-03-31 13:00:00,1,2022-03-20,0,0,NULL,NULL,NULL,1,NULL,1,afb530ae-a1e7-477c-aab5-9a779603e2d6,2022-02-26 02:15:43.092,afb530ae-a1e7-477c-aab5-9a779603e2d6,2022-02-26 02:15:43.092
377,a10035,5c9e01e5-1461-42b2-8cc4-54ed8b2c78ef,02,2022-03-31,2022-03-31 14:00:00,2022-03-31 17:00:00,1,2022-03-26,1,0,NULL,NULL,NULL,1,NULL,1,afb530ae-a1e7-477c-aab5-9a779603e2d6,2022-02-26 02:11:20.990,afb530ae-a1e7-477c-aab5-9a779603e2d6,2022-02-26 02:11:20.990
378,a10035,ea181871-eb1e-4737-873d-0de28a39469b,02,2022-03-31,2022-03-31 09:00:00,2022-03-31 18:00:00,1,2022-03-23,1,0,NULL,NULL,NULL,1,NULL,1,afb530ae-a1e7-477c-aab5-9a779603e2d6,2022-02-26 02:11:20.990,afb530ae-a1e7-477c-aab5-9a779603e2d6,2022-02-26 02:11:20.990
